"Scientific.Names","Common.Names","Genus","Family","Latitude","Longitude"
"Audouinia capitata","False Heath","Audouinia","Bruniaceae","-34.32961486","18.45500685"
"Audouinia capitata","False Heath","Audouinia","Bruniaceae","-34.267704","18.46245764"
"Audouinia capitata","False Heath","Audouinia","Bruniaceae","-34.26771563","18.46250555"
"Audouinia capitata","False Heath","Audouinia","Bruniaceae","-34.26782833","18.4624007"
"Audouinia capitata","False Heath","Audouinia","Bruniaceae","-34.10071944","18.44828889"
"Audouinia capitata","False Heath","Audouinia","Bruniaceae","-34.10071944","18.44828889"
"Audouinia capitata","False Heath","Audouinia","Bruniaceae","-34.14752217","18.42788667"
"Audouinia capitata","False Heath","Audouinia","Bruniaceae","-34.14786944","18.42786111"
"Audouinia capitata","False Heath","Audouinia","Bruniaceae","-34.1478","18.4278"
"Audouinia capitata","False Heath","Audouinia","Bruniaceae","-34.32961486","18.45500685"
"Audouinia capitata","False Heath","Audouinia","Bruniaceae","-34.14786944","18.42786111"
"Audouinia capitata","False Heath","Audouinia","Bruniaceae","-34.1478","18.4278"
"Audouinia capitata","","Audouinia","Bruniaceae","-34.056102","18.33469"
"Audouinia capitata","","Audouinia","Bruniaceae","-34.056041","18.334633"
"Audouinia capitata","","Audouinia","Bruniaceae","-34.056194","18.334606"
"Audouinia capitata","","Audouinia","Bruniaceae","-34.144664","18.425735"
"Audouinia capitata","","Audouinia","Bruniaceae","-34.149345","18.326285"
"Audouinia capitata","","Audouinia","Bruniaceae","-34.149356","18.326262"
"Audouinia capitata","","Audouinia","Bruniaceae","-34.149463","18.32613"
"Audouinia capitata","","Audouinia","Bruniaceae","-34.14995","18.43121"
"Audouinia capitata","","Audouinia","Bruniaceae","-34.151508","18.329468"
"Audouinia capitata","","Audouinia","Bruniaceae","-34.15159","18.32932"
"Audouinia capitata","","Audouinia","Bruniaceae","-34.150976","18.330241"
"Audouinia capitata","","Audouinia","Bruniaceae","-34.15098","18.330086"
"Audouinia capitata","","Audouinia","Bruniaceae","-34.1584","18.3369"
"Audouinia capitata","","Audouinia","Bruniaceae","-34.1688","18.3841"
"Audouinia capitata","","Audouinia","Bruniaceae","-34.266512","18.389687"
"Audouinia capitata","","Audouinia","Bruniaceae","-34.266555","18.389672"
"Audouinia capitata","","Audouinia","Bruniaceae","-34.266518","18.389587"
"Audouinia capitata","","Audouinia","Bruniaceae","-34.271798","18.410638"
"Disa rosea","","Disa","Orchidaceae","-33.956759","18.403682"
"Disa rosea","","Disa","Orchidaceae","-33.960019","18.405951"
"Disa rosea","","Disa","Orchidaceae","-33.97","18.4"
"Disa rosea","Rose Disa","Disa","Orchidaceae","-33.96986459","18.4016086"
"Disa rosea","","Disa","Orchidaceae","-33.969489","18.402573"
"Disa rosea","","Disa","Orchidaceae","-33.96538","18.407482"
"Disa rosea","","Disa","Orchidaceae","-33.965244","18.406316"
"Disa rosea","","Disa","Orchidaceae","-33.965282","18.407124"
"Disa rosea","","Disa","Orchidaceae","-33.967327","18.412112"
"Disa rosea","","Disa","Orchidaceae","-33.966455","18.411602"
"Disa rosea","","Disa","Orchidaceae","-33.966212","18.423913"
"Disa rosea","","Disa","Orchidaceae","-33.966389","18.424167"
"Disa rosea","Rose Disa","Disa","Orchidaceae","-33.96811308","18.42585819"
"Disa rosea","Rose Disa","Disa","Orchidaceae","-33.96805562","18.42590287"
"Disa rosea","","Disa","Orchidaceae","-33.967908","18.426169"
"Disa rosea","","Disa","Orchidaceae","-33.973669","18.404644"
"Disa rosea","","Disa","Orchidaceae","-33.97377","18.404728"
"Disa rosea","","Disa","Orchidaceae","-33.973647","18.40473"
"Disa rosea","","Disa","Orchidaceae","-33.97302","18.407388"
"Disa rosea","","Disa","Orchidaceae","-33.973126","18.407114"
"Disa rosea","","Disa","Orchidaceae","-33.973076","18.407231"
"Disa rosea","Rose Disa","Disa","Orchidaceae","-33.9731686","18.4194422"
"Disa rosea","Rose Disa","Disa","Orchidaceae","-33.97335924","18.41959063"
"Disa rosea","Rose Disa","Disa","Orchidaceae","-33.97337797","18.419385"
"Disa rosea","Rose Disa","Disa","Orchidaceae","-33.97200494","18.42144234"
"Disa rosea","Rose Disa","Disa","Orchidaceae","-33.97172194","18.42147839"
"Disa rosea","","Disa","Orchidaceae","-33.973992","18.420809"
"Disa rosea","","Disa","Orchidaceae","-33.985013","18.414888"
"Disa rosea","","Disa","Orchidaceae","-33.994025","18.37687"
"Disa rosea","","Disa","Orchidaceae","-33.994039","18.377089"
"Disa rosea","","Disa","Orchidaceae","-33.990322","18.408117"
"Disa rosea","","Disa","Orchidaceae","-33.990265","18.407588"
"Disa rosea","Rose Disa","Disa","Orchidaceae","-34.003309","18.411068"
"Disa rosea","","Disa","Orchidaceae","-34.053652","18.384936"
"Disa rosea","","Disa","Orchidaceae","-34.054102","18.384993"
"Disa rosea","","Disa","Orchidaceae","-34.05409","18.38507"
"Disa rosea","","Disa","Orchidaceae","-34.053953","18.386422"
"Disa rosea","","Disa","Orchidaceae","-34.053733","18.385017"
"Disa rosea","","Disa","Orchidaceae","-34.057437","18.384444"
"Disa rosea","","Disa","Orchidaceae","-34.057944","18.384742"
"Disa rosea","","Disa","Orchidaceae","-34.05759","18.38454"
"Disa rosea","","Disa","Orchidaceae","-34.057622","18.38584"
"Disa rosea","","Disa","Orchidaceae","-34.058003","18.385524"
"Disa rosea","","Disa","Orchidaceae","-34.059812","18.393845"
"Disa rosea","","Disa","Orchidaceae","-34.09334","18.439859"
"Disa rosea","","Disa","Orchidaceae","-34.093311","18.439834"
"Disa rosea","","Disa","Orchidaceae","-34.093387","18.439944"
"Disa rosea","","Disa","Orchidaceae","-34.093333","18.44"
"Disa rosea","","Disa","Orchidaceae","-34.095407","18.430873"
"Disa rosea","","Disa","Orchidaceae","-34.100977","18.446528"
"Drosera aliciae","","Drosera","Droseraceae","-33.95737","18.403531"
"Drosera aliciae","","Drosera","Droseraceae","-33.955366","18.427347"
"Drosera aliciae","","Drosera","Droseraceae","-33.95728","18.430255"
"Drosera aliciae","","Drosera","Droseraceae","-33.957347","18.430171"
"Drosera aliciae","","Drosera","Droseraceae","-33.962542","18.406901"
"Drosera aliciae","","Drosera","Droseraceae","-33.969737","18.401362"
"Drosera aliciae","Shepherds Crook Sundew","Drosera","Droseraceae","-33.96567167","18.40725167"
"Drosera aliciae","","Drosera","Droseraceae","-33.967052","18.406544"
"Drosera aliciae","","Drosera","Droseraceae","-33.969473","18.424118"
"Drosera aliciae","","Drosera","Droseraceae","-33.967608","18.42711"
"Drosera aliciae","","Drosera","Droseraceae","-33.967708","18.426961"
"Drosera aliciae","","Drosera","Droseraceae","-33.972025","18.397194"
"Drosera aliciae","","Drosera","Droseraceae","-33.974167","18.402778"
"Drosera aliciae","","Drosera","Droseraceae","-33.970295","18.412738"
"Drosera aliciae","","Drosera","Droseraceae","-33.973228","18.411207"
"Drosera aliciae","","Drosera","Droseraceae","-33.971463","18.414139"
"Drosera aliciae","Shepherds Crook Sundew","Drosera","Droseraceae","-33.97332","18.419555"
"Drosera aliciae","Shepherds Crook Sundew","Drosera","Droseraceae","-33.97332","18.419555"
"Drosera aliciae","","Drosera","Droseraceae","-33.972998","18.41742"
"Drosera aliciae","","Drosera","Droseraceae","-33.973625","18.420415"
"Drosera aliciae","","Drosera","Droseraceae","-33.978328","18.40713"
"Drosera aliciae","","Drosera","Droseraceae","-33.976872","18.412162"
"Drosera aliciae","","Drosera","Droseraceae","-33.97815","18.418677"
"Drosera aliciae","","Drosera","Droseraceae","-33.978283","18.417972"
"Drosera aliciae","","Drosera","Droseraceae","-33.975243","18.420652"
"Drosera aliciae","","Drosera","Droseraceae","-33.975272","18.420677"
"Drosera aliciae","","Drosera","Droseraceae","-33.975311","18.420988"
"Drosera aliciae","","Drosera","Droseraceae","-33.984703","18.415197"
"Drosera aliciae","Shepherds Crook Sundew","Drosera","Droseraceae","-33.98890891","18.39037373"
"Drosera aliciae","","Drosera","Droseraceae","-33.989478","18.39453"
"Drosera aliciae","","Drosera","Droseraceae","-33.988742","18.393281"
"Drosera aliciae","","Drosera","Droseraceae","-33.987205","18.407422"
"Drosera aliciae","","Drosera","Droseraceae","-33.987503","18.407833"
"Drosera aliciae","","Drosera","Droseraceae","-33.987226","18.407528"
"Drosera aliciae","","Drosera","Droseraceae","-33.99184","18.399898"
"Drosera aliciae","","Drosera","Droseraceae","-33.991346","18.410024"
"Drosera aliciae","","Drosera","Droseraceae","-33.999573","18.363523"
"Drosera aliciae","Shepherds Crook Sundew","Drosera","Droseraceae","-33.99859938","18.41067075"
"Drosera aliciae","Shepherds Crook Sundew","Drosera","Droseraceae","-33.99999284","18.41024282"
"Drosera aliciae","Shepherds Crook Sundew","Drosera","Droseraceae","-33.99677647","18.41252217"
"Drosera aliciae","","Drosera","Droseraceae","-34.000609","18.365579"
"Drosera aliciae","","Drosera","Droseraceae","-34.000414","18.365053"
"Drosera aliciae","","Drosera","Droseraceae","-34.000722","18.366121"
"Drosera aliciae","","Drosera","Droseraceae","-34.001789","18.370509"
"Drosera aliciae","","Drosera","Droseraceae","-34.001175","18.405834"
"Drosera aliciae","","Drosera","Droseraceae","-34.006304","18.405533"
"Drosera aliciae","","Drosera","Droseraceae","-34.061245","18.386684"
"Drosera aliciae","","Drosera","Droseraceae","-34.061219","18.386751"
"Drosera aliciae","Shepherds Crook Sundew","Drosera","Droseraceae","-34.06448958","18.39470283"
"Drosera aliciae","","Drosera","Droseraceae","-34.062464","18.394388"
"Drosera cuneifolia","","Drosera","Droseraceae","-33.956852","18.408666"
"Drosera cuneifolia","","Drosera","Droseraceae","-33.962895","18.406697"
"Drosera cuneifolia","","Drosera","Droseraceae","-33.962487","18.406826"
"Drosera cuneifolia","","Drosera","Droseraceae","-33.963603","18.406813"
"Drosera cuneifolia","Peninsula Sundew","Drosera","Droseraceae","-33.96495486","18.41428329"
"Drosera cuneifolia","","Drosera","Droseraceae","-33.962155","18.412908"
"Drosera cuneifolia","","Drosera","Droseraceae","-33.964571","18.414765"
"Drosera cuneifolia","","Drosera","Droseraceae","-33.964964","18.415606"
"Drosera cuneifolia","","Drosera","Droseraceae","-33.962964","18.415183"
"Drosera cuneifolia","","Drosera","Droseraceae","-33.963411","18.419926"
"Drosera cuneifolia","Peninsula Sundew","Drosera","Droseraceae","-33.96331332","18.42044935"
"Drosera cuneifolia","","Drosera","Droseraceae","-33.963754","18.420453"
"Drosera cuneifolia","","Drosera","Droseraceae","-33.963819","18.42035"
"Drosera cuneifolia","Peninsula Sundew","Drosera","Droseraceae","-33.96187339","18.42706553"
"Drosera cuneifolia","","Drosera","Droseraceae","-33.964632","18.429077"
"Drosera cuneifolia","","Drosera","Droseraceae","-33.964932","18.428631"
"Drosera cuneifolia","","Drosera","Droseraceae","-33.968642","18.402442"
"Drosera cuneifolia","","Drosera","Droseraceae","-33.968352","18.401892"
"Drosera cuneifolia","Peninsula Sundew","Drosera","Droseraceae","-33.96687333","18.40649167"
"Drosera cuneifolia","","Drosera","Droseraceae","-33.967541","18.406263"
"Drosera cuneifolia","","Drosera","Droseraceae","-33.965672","18.407252"
"Drosera cuneifolia","","Drosera","Droseraceae","-33.966422","18.41145"
"Drosera cuneifolia","","Drosera","Droseraceae","-33.969463","18.413225"
"Drosera cuneifolia","","Drosera","Droseraceae","-33.969888","18.414531"
"Drosera cuneifolia","","Drosera","Droseraceae","-33.965405","18.417208"
"Drosera cuneifolia","","Drosera","Droseraceae","-33.965022","18.415814"
"Drosera cuneifolia","","Drosera","Droseraceae","-33.965056","18.415801"
"Drosera cuneifolia","Peninsula Sundew","Drosera","Droseraceae","-33.96580126","18.42102759"
"Drosera cuneifolia","","Drosera","Droseraceae","-33.969704","18.423935"
"Drosera cuneifolia","","Drosera","Droseraceae","-33.969239","18.424569"
"Drosera cuneifolia","","Drosera","Droseraceae","-33.966717","18.428042"
"Drosera cuneifolia","","Drosera","Droseraceae","-33.96694","18.42785"
"Drosera cuneifolia","","Drosera","Droseraceae","-33.965595","18.428482"
"Drosera cuneifolia","Peninsula Sundew","Drosera","Droseraceae","-33.97174167","18.39634167"
"Drosera cuneifolia","Peninsula Sundew","Drosera","Droseraceae","-33.97174167","18.39634167"
"Drosera cuneifolia","","Drosera","Droseraceae","-33.971309","18.395967"
"Drosera cuneifolia","Peninsula Sundew","Drosera","Droseraceae","-33.97447778","18.4043"
"Drosera cuneifolia","","Drosera","Droseraceae","-33.974476","18.403465"
"Drosera cuneifolia","","Drosera","Droseraceae","-33.974449","18.403897"
"Drosera cuneifolia","Peninsula Sundew","Drosera","Droseraceae","-33.973305","18.40648833"
"Drosera cuneifolia","","Drosera","Droseraceae","-33.973395","18.405919"
"Drosera cuneifolia","Peninsula Sundew","Drosera","Droseraceae","-33.97292833","18.41234167"
"Drosera cuneifolia","","Drosera","Droseraceae","-33.972262","18.414734"
"Drosera cuneifolia","","Drosera","Droseraceae","-33.970166","18.412424"
"Drosera cuneifolia","","Drosera","Droseraceae","-33.970055","18.417497"
"Drosera cuneifolia","","Drosera","Droseraceae","-33.972923","18.417235"
"Drosera cuneifolia","","Drosera","Droseraceae","-33.972894","18.417099"
"Drosera cuneifolia","","Drosera","Droseraceae","-33.971064","18.42236"
"Drosera cuneifolia","","Drosera","Droseraceae","-33.97098","18.42223"
"Drosera cuneifolia","Peninsula Sundew","Drosera","Droseraceae","-34.22628333","18.45413056"
"Erica corifolia","","Erica","Ericaceae","-34.054757","18.384116"
"Erica corifolia","","Erica","Ericaceae","-34.053125","18.383989"
"Erica corifolia","","Erica","Ericaceae","-34.05417","18.383505"
"Erica corifolia","","Erica","Ericaceae","-34.056736","18.388592"
"Erica corifolia","","Erica","Ericaceae","-34.055232","18.386494"
"Erica corifolia","","Erica","Ericaceae","-34.055978","18.386233"
"Erica corifolia","","Erica","Ericaceae","-34.058782","18.392376"
"Erica corifolia","","Erica","Ericaceae","-34.057724","18.390902"
"Erica corifolia","","Erica","Ericaceae","-34.057194","18.390021"
"Erica corifolia","","Erica","Ericaceae","-34.066203","18.389653"
"Erica corifolia","","Erica","Ericaceae","-34.067592","18.39378"
"Erica corifolia","","Erica","Ericaceae","-34.068204","18.393956"
"Erica corifolia","","Erica","Ericaceae","-34.068182","18.393825"
"Erica corifolia","","Erica","Ericaceae","-34.072752","18.380069"
"Erica corifolia","","Erica","Ericaceae","-34.070129","18.382084"
"Erica corifolia","","Erica","Ericaceae","-34.070617","18.38325"
"Erica corifolia","","Erica","Ericaceae","-34.073959","18.386939"
"Erica corifolia","","Erica","Ericaceae","-34.071622","18.397455"
"Erica corifolia","","Erica","Ericaceae","-34.070108","18.396726"
"Erica corifolia","","Erica","Ericaceae","-34.073478","18.401947"
"Erica corifolia","","Erica","Ericaceae","-34.073661","18.402028"
"Erica corifolia","","Erica","Ericaceae","-34.073642","18.402042"
"Erica corifolia","","Erica","Ericaceae","-34.075277","18.384957"
"Erica corifolia","","Erica","Ericaceae","-34.076082","18.385893"
"Erica corifolia","","Erica","Ericaceae","-34.076319","18.386967"
"Erica corifolia","","Erica","Ericaceae","-34.076108","18.385955"
"Erica corifolia","","Erica","Ericaceae","-34.082957","18.406693"
"Erica corifolia","","Erica","Ericaceae","-34.082963","18.406639"
"Erica corifolia","","Erica","Ericaceae","-34.082902","18.41495"
"Erica corifolia","","Erica","Ericaceae","-34.084887","18.410951"
"Erica corifolia","","Erica","Ericaceae","-34.084916","18.410923"
"Erica corifolia","","Erica","Ericaceae","-34.089938","18.405192"
"Erica corifolia","","Erica","Ericaceae","-34.088273","18.414414"
"Erica corifolia","","Erica","Ericaceae","-34.086196","18.414168"
"Erica corifolia","","Erica","Ericaceae","-34.085053","18.410235"
"Erica corifolia","","Erica","Ericaceae","-34.088964","18.41632"
"Erica corifolia","","Erica","Ericaceae","-34.086131","18.42412"
"Erica corifolia","","Erica","Ericaceae","-34.089251","18.428948"
"Erica corifolia","","Erica","Ericaceae","-34.088286","18.426722"
"Erica corifolia","","Erica","Ericaceae","-34.088945","18.426279"
"Erica corifolia","","Erica","Ericaceae","-34.089509","18.451574"
"Erica corifolia","","Erica","Ericaceae","-34.090462","18.404519"
"Erica corifolia","Purpletip Heath","Erica","Ericaceae","-34.09329798","18.42370636"
"Erica corifolia","Purpletip Heath","Erica","Ericaceae","-34.09038056","18.42068611"
"Erica corifolia","Purpletip Heath","Erica","Ericaceae","-34.09329798","18.42370636"
"Erica corifolia","","Erica","Ericaceae","-34.090326","18.429022"
"Erica corifolia","","Erica","Ericaceae","-34.093772","18.433578"
"Erica corifolia","","Erica","Ericaceae","-34.093839","18.432833"
"Erica corifolia","","Erica","Ericaceae","-34.094485","18.431746"
"Erica corifolia","","Erica","Ericaceae","-34.094187","18.4381"
"Erica pyxidiflora","Box Heath","Erica","Ericaceae","-34.20679758","18.44005567"
"Erica pyxidiflora","Box Heath","Erica","Ericaceae","-34.10884086","18.45322516"
"Erica pyxidiflora","Box Heath","Erica","Ericaceae","-34.09885","18.45148833"
"Erica pyxidiflora","Box Heath","Erica","Ericaceae","-34.09967167","18.45204833"
"Erica pyxidiflora","Box Heath","Erica","Ericaceae","-34.09877892","18.45173319"
"Erica pyxidiflora","Box Heath","Erica","Ericaceae","-34.09904261","18.4510196"
"Erica pyxidiflora","Box Heath","Erica","Ericaceae","-34.099252","18.451588"
"Erica pyxidiflora","Box Heath","Erica","Ericaceae","-34.09939164","18.44870553"
"Erica pyxidiflora","Box Heath","Erica","Ericaceae","-34.09889167","18.45143833"
"Erica pyxidiflora","Box Heath","Erica","Ericaceae","-34.09885","18.45148833"
"Erica pyxidiflora","Box Heath","Erica","Ericaceae","-34.09877892","18.45173319"
"Erica pyxidiflora","Box Heath","Erica","Ericaceae","-34.09904261","18.4510196"
"Erica pyxidiflora","Box Heath","Erica","Ericaceae","-34.099252","18.451588"
"Erica pyxidiflora","Box Heath","Erica","Ericaceae","-34.09889167","18.45143833"
"Erica pyxidiflora","Box Heath","Erica","Ericaceae","-34.20679758","18.44005567"
"Erica pyxidiflora","Box Heath","Erica","Ericaceae","-34.175275","18.379666"
"Erica pyxidiflora","","Erica","Ericaceae","-34.078134","18.3892"
"Erica pyxidiflora","","Erica","Ericaceae","-34.098258","18.448706"
"Erica pyxidiflora","","Erica","Ericaceae","-34.099736","18.45233"
"Erica pyxidiflora","","Erica","Ericaceae","-34.099367","18.451872"
"Erica pyxidiflora","","Erica","Ericaceae","-34.10151","18.449579"
"Erica pyxidiflora","","Erica","Ericaceae","-34.10107","18.448324"
"Erica pyxidiflora","","Erica","Ericaceae","-34.10173","18.452745"
"Erica pyxidiflora","","Erica","Ericaceae","-34.100099","18.450554"
"Erica pyxidiflora","","Erica","Ericaceae","-34.100794","18.453942"
"Erica pyxidiflora","","Erica","Ericaceae","-34.107227","18.440241"
"Erica pyxidiflora","","Erica","Ericaceae","-34.110126","18.461027"
"Erica pyxidiflora","","Erica","Ericaceae","-34.179231","18.374584"
"Erica pyxidiflora","","Erica","Ericaceae","-34.177967","18.389984"
"Erica pyxidiflora","","Erica","Ericaceae","-34.18153","18.39478"
"Gladiolus carneus","","Gladiolus","Iridaceae","-33.854895","18.610391"
"Gladiolus carneus","","Gladiolus","Iridaceae","-33.855103","18.610378"
"Gladiolus carneus","","Gladiolus","Iridaceae","-33.939455","18.415179"
"Gladiolus carneus","","Gladiolus","Iridaceae","-33.94984","18.421635"
"Gladiolus carneus","","Gladiolus","Iridaceae","-33.9496","18.421678"
"Gladiolus carneus","","Gladiolus","Iridaceae","-33.946397","18.425611"
"Gladiolus carneus","","Gladiolus","Iridaceae","-33.949966","18.432287"
"Gladiolus carneus","","Gladiolus","Iridaceae","-33.949865","18.4334"
"Gladiolus carneus","","Gladiolus","Iridaceae","-33.949601","18.43219"
"Gladiolus carneus","","Gladiolus","Iridaceae","-33.945807","18.449983"
"Gladiolus carneus","","Gladiolus","Iridaceae","-33.949562","18.453175"
"Gladiolus carneus","","Gladiolus","Iridaceae","-33.952121","18.415473"
"Gladiolus carneus","","Gladiolus","Iridaceae","-33.951913","18.415534"
"Gladiolus carneus","","Gladiolus","Iridaceae","-33.951267","18.420767"
"Gladiolus carneus","","Gladiolus","Iridaceae","-33.954187","18.421122"
"Gladiolus carneus","","Gladiolus","Iridaceae","-33.952963","18.421528"
"Gladiolus carneus","","Gladiolus","Iridaceae","-33.954982","18.42548"
"Gladiolus carneus","","Gladiolus","Iridaceae","-33.952717","18.429992"
"Gladiolus carneus","","Gladiolus","Iridaceae","-33.954609","18.426653"
"Gladiolus carneus","Painted Lady","Gladiolus","Iridaceae","-33.95068811","18.43241626"
"Gladiolus carneus","Painted Lady","Gladiolus","Iridaceae","-33.95054589","18.43221433"
"Gladiolus carneus","","Gladiolus","Iridaceae","-33.95002","18.430863"
"Gladiolus carneus","Painted Lady","Gladiolus","Iridaceae","-33.95138842","18.43708748"
"Gladiolus carneus","","Gladiolus","Iridaceae","-33.953936","18.437403"
"Gladiolus carneus","","Gladiolus","Iridaceae","-33.95332","18.461837"
"Gladiolus carneus","","Gladiolus","Iridaceae","-33.953392","18.461972"
"Gladiolus carneus","","Gladiolus","Iridaceae","-33.953422","18.461825"
"Gladiolus carneus","Painted Lady","Gladiolus","Iridaceae","-33.95660833","18.41472833"
"Gladiolus carneus","Painted Lady","Gladiolus","Iridaceae","-33.95660833","18.41472833"
"Gladiolus carneus","","Gladiolus","Iridaceae","-33.959207","18.414409"
"Gladiolus carneus","","Gladiolus","Iridaceae","-33.957941","18.416806"
"Gladiolus carneus","","Gladiolus","Iridaceae","-33.958226","18.416225"
"Gladiolus carneus","","Gladiolus","Iridaceae","-33.957998","18.416071"
"Gladiolus carneus","","Gladiolus","Iridaceae","-33.955195","18.424487"
"Gladiolus carneus","","Gladiolus","Iridaceae","-33.955625","18.422926"
"Gladiolus carneus","","Gladiolus","Iridaceae","-33.955667","18.422907"
"Gladiolus carneus","Painted Lady","Gladiolus","Iridaceae","-33.95715387","18.42640258"
"Gladiolus carneus","Painted Lady","Gladiolus","Iridaceae","-33.95766375","18.42706685"
"Gladiolus carneus","","Gladiolus","Iridaceae","-33.957396","18.425567"
"Gladiolus carneus","","Gladiolus","Iridaceae","-33.956253","18.459487"
"Gladiolus carneus","","Gladiolus","Iridaceae","-33.955753","18.459153"
"Gladiolus carneus","","Gladiolus","Iridaceae","-33.955608","18.459183"
"Gladiolus carneus","","Gladiolus","Iridaceae","-33.961595","18.407653"
"Gladiolus carneus","","Gladiolus","Iridaceae","-33.961084","18.406705"
"Gladiolus carneus","","Gladiolus","Iridaceae","-33.960817","18.405978"
"Gladiolus carneus","","Gladiolus","Iridaceae","-33.967864","18.404157"
"Gladiolus carneus","","Gladiolus","Iridaceae","-33.968032","18.409078"
"Gladiolus carneus","","Gladiolus","Iridaceae","-33.965212","18.407148"
"Gladiolus carneus","","Gladiolus","Iridaceae","-33.968853","18.43102"
"Gladiolus carneus","","Gladiolus","Iridaceae","-33.968283","18.443092"
"Hermas villosa","","Hermas","Apiaceae","-33.9359","18.389486"
"Hermas villosa","","Hermas","Apiaceae","-33.954261","18.438728"
"Hermas villosa","","Hermas","Apiaceae","-33.954072","18.437539"
"Hermas villosa","","Hermas","Apiaceae","-33.954409","18.435733"
"Hermas villosa","","Hermas","Apiaceae","-33.951966","18.444129"
"Hermas villosa","","Hermas","Apiaceae","-33.957887","18.429172"
"Hermas villosa","","Hermas","Apiaceae","-33.95837","18.428437"
"Hermas villosa","","Hermas","Apiaceae","-33.957762","18.429205"
"Hermas villosa","","Hermas","Apiaceae","-33.955294","18.434482"
"Hermas villosa","","Hermas","Apiaceae","-33.957237","18.433557"
"Hermas villosa","","Hermas","Apiaceae","-33.960382","18.405038"
"Hermas villosa","","Hermas","Apiaceae","-33.962293","18.407822"
"Hermas villosa","","Hermas","Apiaceae","-33.962242","18.407747"
"Hermas villosa","","Hermas","Apiaceae","-33.960103","18.412075"
"Hermas villosa","","Hermas","Apiaceae","-33.969145","18.39662"
"Hermas villosa","","Hermas","Apiaceae","-33.969686","18.398906"
"Hermas villosa","","Hermas","Apiaceae","-33.969945","18.398125"
"Hermas villosa","","Hermas","Apiaceae","-33.967134","18.407305"
"Hermas villosa","","Hermas","Apiaceae","-33.967236","18.406308"
"Hermas villosa","","Hermas","Apiaceae","-33.967283","18.406328"
"Hermas villosa","","Hermas","Apiaceae","-33.969442","18.410578"
"Hermas villosa","","Hermas","Apiaceae","-33.96979","18.414184"
"Hermas villosa","","Hermas","Apiaceae","-33.968033","18.436713"
"Hermas villosa","","Hermas","Apiaceae","-33.971588","18.390207"
"Hermas villosa","","Hermas","Apiaceae","-33.971979","18.395335"
"Hermas villosa","","Hermas","Apiaceae","-33.97187","18.408609"
"Hermas villosa","","Hermas","Apiaceae","-33.970142","18.41058"
"Hermas villosa","","Hermas","Apiaceae","-33.973383","18.410764"
"Hermas villosa","","Hermas","Apiaceae","-33.974516","18.41019"
"Hermas villosa","","Hermas","Apiaceae","-33.97253","18.415587"
"Hermas villosa","","Hermas","Apiaceae","-33.972617","18.416014"
"Hermas villosa","","Hermas","Apiaceae","-33.970583","18.419817"
"Hermas villosa","","Hermas","Apiaceae","-33.9749","18.420656"
"Hermas villosa","","Hermas","Apiaceae","-33.97019","18.423103"
"Hermas villosa","","Hermas","Apiaceae","-33.971642","18.421636"
"Hermas villosa","","Hermas","Apiaceae","-33.978873","18.398157"
"Hermas villosa","","Hermas","Apiaceae","-33.978696","18.398454"
"Hermas villosa","","Hermas","Apiaceae","-33.979396","18.40964"
"Hermas villosa","","Hermas","Apiaceae","-33.978613","18.409597"
"Hermas villosa","","Hermas","Apiaceae","-33.97813","18.411013"
"Hermas villosa","","Hermas","Apiaceae","-33.978277","18.411116"
"Hermas villosa","","Hermas","Apiaceae","-33.976553","18.411932"
"Hermas villosa","Hairy Tinderleaf","Hermas","Apiaceae","-33.9771375","18.41978455"
"Hermas villosa","Hairy Tinderleaf","Hermas","Apiaceae","-33.97737778","18.41954236"
"Hermas villosa","Hairy Tinderleaf","Hermas","Apiaceae","-33.9771375","18.41978455"
"Hermas villosa","","Hermas","Apiaceae","-33.976124","18.420709"
"Hermas villosa","","Hermas","Apiaceae","-33.976793","18.420357"
"Hermas villosa","","Hermas","Apiaceae","-33.976729","18.420579"
"Hermas villosa","","Hermas","Apiaceae","-33.979511","18.436495"
"Hermas villosa","","Hermas","Apiaceae","-33.98145","18.384948"
"Leucadendron argenteum","Silver Tree","Leucadendron","Proteaceae","-33.95151738270577","18.456256846095194"
"Leucadendron argenteum","Silver Tree","Leucadendron","Proteaceae","-33.95151375650226","18.456165378494944"
"Leucadendron argenteum","Silver Tree","Leucadendron","Proteaceae","-33.95143534738608","18.45633126589588"
"Leucadendron argenteum","Silver Tree","Leucadendron","Proteaceae","-33.95006501640591","18.454235359172575"
"Leucadendron argenteum","Silver Tree","Leucadendron","Proteaceae","-33.9498701362588","18.453818550704252"
"Leucadendron argenteum","Silver Tree","Leucadendron","Proteaceae","-33.94930937219152","18.4532312732968"
"Leucadendron argenteum","Silver Tree","Leucadendron","Proteaceae","-33.94939699182059","18.453865025894764"
"Leucadendron argenteum","Silver Tree","Leucadendron","Proteaceae","-33.949884825359725","18.452187614061014"
"Leucadendron argenteum","Silver Tree","Leucadendron","Proteaceae","-33.94913994102997","18.453402035039197"
"Leucadendron argenteum","Silver Tree","Leucadendron","Proteaceae","-33.948792107347856","18.45376992152444"
"Leucadendron argenteum","Silver Tree","Leucadendron","Proteaceae","-33.9485164645524","18.453916284964805"
"Leucadendron argenteum","Silver Tree","Leucadendron","Proteaceae","-33.94804393196895","18.45357608886017"
"Leucadendron argenteum","Silver Tree","Leucadendron","Proteaceae","-33.94805049493946","18.453722452300536"
"Leucadendron argenteum","Silver Tree","Leucadendron","Proteaceae","-33.94769281230867","18.45409429455444"
"Leucadendron argenteum","Silvertree","Leucadendron","Proteaceae","-33.94784374861964","18.45368637541986"
"Leucadendron argenteum","Silvertree","Leucadendron","Proteaceae","-33.94798783758914","18.453601698488196"
"Leucadendron argenteum","Silver Tree","Leucadendron","Proteaceae","-33.94576200815215","18.425553999318808"
"Leucadendron argenteum","Silver Tree","Leucadendron","Proteaceae","-33.94568289401874","18.425656249537663"
"Leucadendron argenteum","Silver Tree","Leucadendron","Proteaceae","-33.94533952151534","18.426329724536842"
"Leucadendron argenteum","Silver Tree","Leucadendron","Proteaceae","-33.94536725236276","18.426217642566172"
"Leucadendron argenteum","Silver Tree","Leucadendron","Proteaceae","-33.94576302320776","18.42660898305265"
"Leucadendron argenteum","Silver Tree","Leucadendron","Proteaceae","-33.95006338740836","18.451689309109874"
"Leucadendron argenteum","Silver Tree","Leucadendron","Proteaceae","-33.95017199370363","18.452262397601057"
"Leucadendron argenteum","Silver Tree","Leucadendron","Proteaceae","-33.950059576658646","18.452241725070316"
"Leucadendron argenteum","Silver Tree","Leucadendron","Proteaceae","-33.9496603996805","18.45107832097899"
"Leucadendron argenteum","Silver Tree","Leucadendron","Proteaceae","-33.94967850082505","18.450933613263782"
"Leucadendron argenteum","Silver Tree","Leucadendron","Proteaceae","-33.949595616605315","18.451011709491038"
"Leucadendron argenteum","Silver Tree","Leucadendron","Proteaceae","-33.95098152145113","18.45514229045446"
"Leucadendron argenteum","Silver Tree","Leucadendron","Proteaceae","-33.95042155790015","18.454823110828624"
"Leucadendron argenteum","Silver Tree","Leucadendron","Proteaceae","-33.95165408149798","18.45524134620041"
"Leucadendron argenteum","Silver Tree","Leucadendron","Proteaceae","-33.951857978742744","18.457325185596662"
"Leucadendron argenteum","Silver Tree","Leucadendron","Proteaceae","-33.95499854324374","18.4565474145544"
"Leucadendron argenteum","Silver Tree","Leucadendron","Proteaceae","-33.9551537425536","18.455406439110323"
"Leucadendron argenteum","Silver Tree","Leucadendron","Proteaceae","-33.95487377496585","18.4551349529918"
"Leucadendron argenteum","Silver Tree","Leucadendron","Proteaceae","-33.956042350955144","18.454004543642725"
"Leucadendron argenteum","Silver Tree","Leucadendron","Proteaceae","-33.95577462967853","18.454135598324722"
"Leucadendron argenteum","Silver Tree","Leucadendron","Proteaceae","-33.956275034199244","18.453728354023646"
"Leucadendron argenteum","Silver Tree","Leucadendron","Proteaceae","-33.93821058405913","18.392513345194853"
"Leucadendron argenteum","Silver Tree","Leucadendron","Proteaceae","-33.9382525495115","18.39266509338312"
"Leucadendron argenteum","Silvertree","Leucadendron","Proteaceae","-33.93768373507373","18.391567519136935"
"Leucadendron argenteum","Silver Tree","Leucadendron","Proteaceae","-33.93891800739009","18.390275596312527"
"Leucadendron argenteum","Silver Tree","Leucadendron","Proteaceae","-33.93907609738118","18.390338531659857"
"Leucadendron argenteum","Silvertree","Leucadendron","Proteaceae","-34.00212362050309","18.41971709121396"
"Leucadendron argenteum","Silvertree","Leucadendron","Proteaceae","-34.002231348841356","18.420199263668636"
"Leucadendron argenteum","Silver Tree","Leucadendron","Proteaceae","-34.00547163999271","18.41652312615958"
"Leucadendron argenteum","Silver Tree","Leucadendron","Proteaceae","-33.99619923974588","18.422972810970847"
"Leucadendron argenteum","Silver Tree","Leucadendron","Proteaceae","-33.98791435848652","18.423130635268326"
"Leucadendron argenteum","Silver Tree","Leucadendron","Proteaceae","-33.96276471490996","18.445587342886288"
"Leucadendron argenteum","Silver Tree","Leucadendron","Proteaceae","-34.00536946682877","18.41662493501865"
"Leucadendron argenteum","Silver Tree","Leucadendron","Proteaceae","-34.00523996734212","18.418048221421216"
"Leucadendron xanthoconus","","Leucadendron","Proteaceae","-33.937599","18.453491"
"Leucadendron xanthoconus","","Leucadendron","Proteaceae","-33.949372","18.422875"
"Leucadendron xanthoconus","","Leucadendron","Proteaceae","-33.946369","18.429341"
"Leucadendron xanthoconus","","Leucadendron","Proteaceae","-33.946022","18.438155"
"Leucadendron xanthoconus","","Leucadendron","Proteaceae","-33.946896","18.445532"
"Leucadendron xanthoconus","","Leucadendron","Proteaceae","-33.94763","18.447029"
"Leucadendron xanthoconus","","Leucadendron","Proteaceae","-33.94852","18.448737"
"Leucadendron xanthoconus","","Leucadendron","Proteaceae","-33.948853","18.450494"
"Leucadendron xanthoconus","","Leucadendron","Proteaceae","-33.954602","18.426608"
"Leucadendron xanthoconus","","Leucadendron","Proteaceae","-33.957866","18.429166"
"Leucadendron xanthoconus","","Leucadendron","Proteaceae","-33.957988","18.427495"
"Leucadendron xanthoconus","","Leucadendron","Proteaceae","-33.957935","18.433255"
"Leucadendron xanthoconus","","Leucadendron","Proteaceae","-33.955038","18.430958"
"Leucadendron xanthoconus","","Leucadendron","Proteaceae","-33.957052","18.430225"
"Leucadendron xanthoconus","","Leucadendron","Proteaceae","-33.955993","18.451779"
"Leucadendron xanthoconus","","Leucadendron","Proteaceae","-33.957653","18.453373"
"Leucadendron xanthoconus","","Leucadendron","Proteaceae","-33.95884","18.455083"
"Leucadendron xanthoconus","","Leucadendron","Proteaceae","-33.960283","18.45052"
"Leucadendron xanthoconus","","Leucadendron","Proteaceae","-33.97488","18.392069"
"Leucadendron xanthoconus","","Leucadendron","Proteaceae","-33.971847","18.391836"
"Leucadendron xanthoconus","","Leucadendron","Proteaceae","-33.974789","18.400173"
"Leucadendron xanthoconus","","Leucadendron","Proteaceae","-33.974419","18.402766"
"Leucadendron xanthoconus","","Leucadendron","Proteaceae","-33.97983","18.387141"
"Leucadendron xanthoconus","","Leucadendron","Proteaceae","-33.977256","18.390091"
"Leucadendron xanthoconus","","Leucadendron","Proteaceae","-33.982555","18.383847"
"Leucadendron xanthoconus","","Leucadendron","Proteaceae","-33.983743","18.382948"
"Leucadendron xanthoconus","","Leucadendron","Proteaceae","-33.983278","18.383396"
"Leucadendron xanthoconus","","Leucadendron","Proteaceae","-33.980497","18.386066"
"Leucadendron xanthoconus","","Leucadendron","Proteaceae","-33.981342","18.392338"
"Leucadendron xanthoconus","","Leucadendron","Proteaceae","-33.983854","18.391474"
"Leucadendron xanthoconus","","Leucadendron","Proteaceae","-33.98317","18.415945"
"Leucadendron xanthoconus","","Leucadendron","Proteaceae","-33.988789","18.378526"
"Leucadendron xanthoconus","","Leucadendron","Proteaceae","-33.987366","18.37924"
"Leucadendron xanthoconus","","Leucadendron","Proteaceae","-33.98706","18.392822"
"Leucadendron xanthoconus","","Leucadendron","Proteaceae","-33.986265","18.392221"
"Leucadendron xanthoconus","","Leucadendron","Proteaceae","-33.989311","18.391486"
"Leucadendron xanthoconus","","Leucadendron","Proteaceae","-33.9918","18.373057"
"Leucadendron xanthoconus","","Leucadendron","Proteaceae","-33.991353","18.37482"
"Leucadendron xanthoconus","Sickleleaf Conebush","Leucadendron","Proteaceae","-33.99112255","18.37911543"
"Leucadendron xanthoconus","","Leucadendron","Proteaceae","-33.992981","18.378438"
"Leucadendron xanthoconus","","Leucadendron","Proteaceae","-33.993745","18.41668"
"Leucadendron xanthoconus","","Leucadendron","Proteaceae","-33.998925","18.356397"
"Leucadendron xanthoconus","","Leucadendron","Proteaceae","-33.998624","18.40856"
"Leucadendron xanthoconus","","Leucadendron","Proteaceae","-33.996186","18.413334"
"Leucadendron xanthoconus","","Leucadendron","Proteaceae","-33.999129","18.412866"
"Leucadendron xanthoconus","","Leucadendron","Proteaceae","-33.995413","18.417762"
"Leucadendron xanthoconus","","Leucadendron","Proteaceae","-33.995343","18.418562"
"Leucadendron xanthoconus","","Leucadendron","Proteaceae","-34.003281","18.355774"
"Leucadendron xanthoconus","","Leucadendron","Proteaceae","-34.001062","18.355095"
"Leucadendron xanthoconus","","Leucadendron","Proteaceae","-34.000492","18.355988"
"Leucospermum conocarpodendron viridum","","Leucospermum","Proteaceae","-33.973889","18.437222"
"Leucospermum conocarpodendron viridum","","Leucospermum","Proteaceae","-33.982997","18.450306"
"Leucospermum conocarpodendron viridum","","Leucospermum","Proteaceae","-33.989024","18.424084"
"Leucospermum conocarpodendron viridum","","Leucospermum","Proteaceae","-33.988303","18.42368"
"Leucospermum conocarpodendron viridum","","Leucospermum","Proteaceae","-33.988385","18.42397"
"Leucospermum conocarpodendron viridum","","Leucospermum","Proteaceae","-33.994195","18.402445"
"Leucospermum conocarpodendron viridum","","Leucospermum","Proteaceae","-33.999245","18.412862"
"Leucospermum conocarpodendron viridum","","Leucospermum","Proteaceae","-33.999336","18.413101"
"Leucospermum conocarpodendron viridum","","Leucospermum","Proteaceae","-33.998914","18.411855"
"Leucospermum conocarpodendron viridum","","Leucospermum","Proteaceae","-33.999447","18.419894"
"Leucospermum conocarpodendron viridum","","Leucospermum","Proteaceae","-33.998371","18.416695"
"Leucospermum conocarpodendron viridum","","Leucospermum","Proteaceae","-34.001679","18.399885"
"Leucospermum conocarpodendron viridum","","Leucospermum","Proteaceae","-34.002879","18.39998"
"Leucospermum conocarpodendron viridum","","Leucospermum","Proteaceae","-34.003047","18.408506"
"Leucospermum conocarpodendron viridum","","Leucospermum","Proteaceae","-34.004665","18.407573"
"Leucospermum conocarpodendron viridum","","Leucospermum","Proteaceae","-34.000033","18.410933"
"Leucospermum conocarpodendron viridum","","Leucospermum","Proteaceae","-34.000144","18.41085"
"Leucospermum conocarpodendron viridum","","Leucospermum","Proteaceae","-34.000554","18.412177"
"Leucospermum conocarpodendron viridum","","Leucospermum","Proteaceae","-34.002788","18.452061"
"Leucospermum conocarpodendron viridum","","Leucospermum","Proteaceae","-34.002451","18.451111"
"Leucospermum conocarpodendron viridum","","Leucospermum","Proteaceae","-34.003083","18.453063"
"Leucospermum conocarpodendron viridum","","Leucospermum","Proteaceae","-34.008822","18.354828"
"Leucospermum conocarpodendron viridum","","Leucospermum","Proteaceae","-34.009014","18.35273"
"Leucospermum conocarpodendron viridum","","Leucospermum","Proteaceae","-34.008717","18.366158"
"Leucospermum conocarpodendron viridum","","Leucospermum","Proteaceae","-34.007808","18.378175"
"Leucospermum conocarpodendron viridum","","Leucospermum","Proteaceae","-34.005347","18.381512"
"Leucospermum conocarpodendron viridum","","Leucospermum","Proteaceae","-34.005499","18.381207"
"Leucospermum conocarpodendron viridum","","Leucospermum","Proteaceae","-34.005819","18.404484"
"Leucospermum conocarpodendron viridum","","Leucospermum","Proteaceae","-34.005495","18.408309"
"Leucospermum conocarpodendron viridum","","Leucospermum","Proteaceae","-34.005507","18.408208"
"Leucospermum conocarpodendron viridum","","Leucospermum","Proteaceae","-34.005207","18.418146"
"Leucospermum conocarpodendron viridum","","Leucospermum","Proteaceae","-34.005503","18.41651"
"Leucospermum conocarpodendron viridum","","Leucospermum","Proteaceae","-34.00513","18.418379"
"Leucospermum conocarpodendron viridum","","Leucospermum","Proteaceae","-34.012939","18.364503"
"Leucospermum conocarpodendron viridum","","Leucospermum","Proteaceae","-34.019119","18.386166"
"Leucospermum conocarpodendron viridum","","Leucospermum","Proteaceae","-34.018616","18.386101"
"Leucospermum conocarpodendron viridum","","Leucospermum","Proteaceae","-34.020305","18.381441"
"Leucospermum conocarpodendron viridum","","Leucospermum","Proteaceae","-34.02013","18.397555"
"Leucospermum conocarpodendron viridum","","Leucospermum","Proteaceae","-34.020472","18.396489"
"Leucospermum conocarpodendron viridum","","Leucospermum","Proteaceae","-34.020238","18.397071"
"Leucospermum conocarpodendron viridum","","Leucospermum","Proteaceae","-34.023327","18.401421"
"Leucospermum conocarpodendron viridum","","Leucospermum","Proteaceae","-34.02326","18.40133"
"Leucospermum conocarpodendron viridum","","Leucospermum","Proteaceae","-34.023453","18.401317"
"Leucospermum conocarpodendron viridum","","Leucospermum","Proteaceae","-34.028292","18.3925"
"Leucospermum conocarpodendron viridum","","Leucospermum","Proteaceae","-34.029985","18.390773"
"Leucospermum conocarpodendron viridum","","Leucospermum","Proteaceae","-34.032796","18.389108"
"Leucospermum conocarpodendron viridum","","Leucospermum","Proteaceae","-34.038817","18.3756"
"Leucospermum conocarpodendron viridum","","Leucospermum","Proteaceae","-34.036776","18.392269"
"Leucospermum conocarpodendron viridum","","Leucospermum","Proteaceae","-34.035096","18.39957"
"Leucospermum conocarpodendron viridum","","Leucospermum","Proteaceae","-34.041536","18.329624"
"Liparia splendens splendens","","Liparia","Fabaceae","-33.941239","18.394633"
"Liparia splendens splendens","","Liparia","Fabaceae","-33.983483","18.402902"
"Liparia splendens splendens","","Liparia","Fabaceae","-33.983523","18.432282"
"Liparia splendens splendens","","Liparia","Fabaceae","-33.988546","18.393377"
"Liparia splendens splendens","","Liparia","Fabaceae","-33.988764","18.393251"
"Liparia splendens splendens","","Liparia","Fabaceae","-33.98814","18.427363"
"Liparia splendens splendens","","Liparia","Fabaceae","-33.9889","18.429213"
"Liparia splendens splendens","","Liparia","Fabaceae","-33.98868","18.429464"
"Liparia splendens splendens","Orange Mountain Dahlia","Liparia","Fabaceae","-33.993843","18.412234"
"Liparia splendens splendens","","Liparia","Fabaceae","-33.993145","18.412105"
"Liparia splendens splendens","","Liparia","Fabaceae","-33.994166","18.411044"
"Liparia splendens splendens","","Liparia","Fabaceae","-33.993236","18.415542"
"Liparia splendens splendens","","Liparia","Fabaceae","-33.993256","18.415508"
"Liparia splendens splendens","","Liparia","Fabaceae","-33.992542","18.420942"
"Liparia splendens splendens","","Liparia","Fabaceae","-33.992687","18.420683"
"Liparia splendens splendens","","Liparia","Fabaceae","-33.992479","18.421251"
"Liparia splendens splendens","Orange Mountain Dahlia","Liparia","Fabaceae","-33.990295","18.42948"
"Liparia splendens splendens","","Liparia","Fabaceae","-33.996119","18.409807"
"Liparia splendens splendens","","Liparia","Fabaceae","-33.999757","18.412276"
"Liparia splendens splendens","","Liparia","Fabaceae","-33.997328","18.412089"
"Liparia splendens splendens","","Liparia","Fabaceae","-33.999608","18.412475"
"Liparia splendens splendens","","Liparia","Fabaceae","-33.995252","18.417089"
"Liparia splendens splendens","","Liparia","Fabaceae","-34.002166","18.409439"
"Liparia splendens splendens","","Liparia","Fabaceae","-34.0017","18.409783"
"Liparia splendens splendens","","Liparia","Fabaceae","-34.002092","18.409342"
"Liparia splendens splendens","Orange Mountain Dahlia","Liparia","Fabaceae","-34.00064753","18.41049937"
"Liparia splendens splendens","","Liparia","Fabaceae","-34.000883","18.410338"
"Liparia splendens splendens","","Liparia","Fabaceae","-34.004885","18.417962"
"Liparia splendens splendens","","Liparia","Fabaceae","-34.002875","18.421671"
"Liparia splendens splendens","","Liparia","Fabaceae","-34.008732","18.37305"
"Liparia splendens splendens","","Liparia","Fabaceae","-34.008764","18.373062"
"Liparia splendens splendens","","Liparia","Fabaceae","-34.008735","18.37294"
"Liparia splendens splendens","","Liparia","Fabaceae","-34.005494","18.38122"
"Liparia splendens splendens","","Liparia","Fabaceae","-34.005357","18.381411"
"Liparia splendens splendens","","Liparia","Fabaceae","-34.009326","18.403738"
"Liparia splendens splendens","","Liparia","Fabaceae","-34.005202","18.406773"
"Liparia splendens splendens","","Liparia","Fabaceae","-34.006286","18.405621"
"Liparia splendens splendens","","Liparia","Fabaceae","-34.005137","18.406477"
"Liparia splendens splendens","","Liparia","Fabaceae","-34.019699","18.357325"
"Liparia splendens splendens","","Liparia","Fabaceae","-34.024787","18.395388"
"Liparia splendens splendens","","Liparia","Fabaceae","-34.024368","18.400789"
"Liparia splendens splendens","","Liparia","Fabaceae","-34.02504","18.395809"
"Liparia splendens splendens","","Liparia","Fabaceae","-34.034917","18.389017"
"Liparia splendens splendens","","Liparia","Fabaceae","-34.034908","18.388942"
"Liparia splendens splendens","","Liparia","Fabaceae","-34.03499","18.389009"
"Liparia splendens splendens","","Liparia","Fabaceae","-34.039271","18.372051"
"Liparia splendens splendens","","Liparia","Fabaceae","-34.039034","18.373684"
"Liparia splendens splendens","","Liparia","Fabaceae","-34.03997","18.372093"
"Liparia splendens splendens","","Liparia","Fabaceae","-34.037797","18.378667"
"Liparia splendens splendens","Orange Mountain Dahlia","Liparia","Fabaceae","-34.05354323","18.42801698"
"Mimetes fimbriifolius","","Mimetes","Proteaceae","-33.97925","18.409962"
"Mimetes fimbriifolius","Tree Pagoda","Mimetes","Proteaceae","-33.9808095","18.38497075"
"Mimetes fimbriifolius","","Mimetes","Proteaceae","-33.98093","18.385394"
"Mimetes fimbriifolius","","Mimetes","Proteaceae","-33.98277","18.417176"
"Mimetes fimbriifolius","","Mimetes","Proteaceae","-33.993452","18.374111"
"Mimetes fimbriifolius","","Mimetes","Proteaceae","-33.993931","18.37756"
"Mimetes fimbriifolius","","Mimetes","Proteaceae","-33.993485","18.378002"
"Mimetes fimbriifolius","","Mimetes","Proteaceae","-33.992182","18.379087"
"Mimetes fimbriifolius","","Mimetes","Proteaceae","-33.994498","18.410891"
"Mimetes fimbriifolius","","Mimetes","Proteaceae","-33.994688","18.410678"
"Mimetes fimbriifolius","","Mimetes","Proteaceae","-33.994966","18.413009"
"Mimetes fimbriifolius","Tree Pagoda","Mimetes","Proteaceae","-33.99801333","18.40902167"
"Mimetes fimbriifolius","","Mimetes","Proteaceae","-34.00195","18.364258"
"Mimetes fimbriifolius","","Mimetes","Proteaceae","-34.001152","18.361676"
"Mimetes fimbriifolius","","Mimetes","Proteaceae","-34.001045","18.367462"
"Mimetes fimbriifolius","","Mimetes","Proteaceae","-34.027167","18.393144"
"Mimetes fimbriifolius","","Mimetes","Proteaceae","-34.027115","18.39344"
"Mimetes fimbriifolius","","Mimetes","Proteaceae","-34.034698","18.379868"
"Mimetes fimbriifolius","","Mimetes","Proteaceae","-34.033825","18.376229"
"Mimetes fimbriifolius","","Mimetes","Proteaceae","-34.034726","18.379997"
"Mimetes fimbriifolius","","Mimetes","Proteaceae","-34.034728","18.380064"
"Mimetes fimbriifolius","","Mimetes","Proteaceae","-34.035142","18.33307"
"Mimetes fimbriifolius","","Mimetes","Proteaceae","-34.03519","18.333716"
"Mimetes fimbriifolius","","Mimetes","Proteaceae","-34.035281","18.3333"
"Mimetes fimbriifolius","","Mimetes","Proteaceae","-34.036311","18.379386"
"Mimetes fimbriifolius","","Mimetes","Proteaceae","-34.037431","18.379254"
"Mimetes fimbriifolius","","Mimetes","Proteaceae","-34.03882","18.375665"
"Mimetes fimbriifolius","","Mimetes","Proteaceae","-34.035317","18.381698"
"Mimetes fimbriifolius","","Mimetes","Proteaceae","-34.036386","18.383457"
"Mimetes fimbriifolius","","Mimetes","Proteaceae","-34.035972","18.382749"
"Mimetes fimbriifolius","","Mimetes","Proteaceae","-34.03706","18.385151"
"Mimetes fimbriifolius","Tree Pagoda","Mimetes","Proteaceae","-34.04122542","18.31805992"
"Mimetes fimbriifolius","","Mimetes","Proteaceae","-34.054328","18.3858"
"Mimetes fimbriifolius","","Mimetes","Proteaceae","-34.056473","18.370357"
"Mimetes fimbriifolius","","Mimetes","Proteaceae","-34.068633","18.385227"
"Mimetes fimbriifolius","","Mimetes","Proteaceae","-34.065517","18.389636"
"Mimetes fimbriifolius","","Mimetes","Proteaceae","-34.068669","18.385146"
"Mimetes fimbriifolius","","Mimetes","Proteaceae","-34.073332","18.386677"
"Mimetes fimbriifolius","","Mimetes","Proteaceae","-34.072931","18.398694"
"Mimetes fimbriifolius","","Mimetes","Proteaceae","-34.073349","18.402321"
"Mimetes fimbriifolius","","Mimetes","Proteaceae","-34.073152","18.402753"
"Mimetes fimbriifolius","","Mimetes","Proteaceae","-34.074692","18.401243"
"Mimetes fimbriifolius","","Mimetes","Proteaceae","-34.076653","18.36793"
"Mimetes fimbriifolius","","Mimetes","Proteaceae","-34.076146","18.372188"
"Mimetes fimbriifolius","","Mimetes","Proteaceae","-34.076338","18.386321"
"Mimetes fimbriifolius","","Mimetes","Proteaceae","-34.079547","18.398309"
"Mimetes fimbriifolius","","Mimetes","Proteaceae","-34.077231","18.406173"
"Mimetes fimbriifolius","","Mimetes","Proteaceae","-34.082417","18.362375"
"Mimetes fimbriifolius","","Mimetes","Proteaceae","-34.082843","18.400505"
"Mimetes fimbriifolius","","Mimetes","Proteaceae","-34.080219","18.405978"
"Mimetes hirtus","","Mimetes","Proteaceae","-34.054014","18.427674"
"Mimetes hirtus","","Mimetes","Proteaceae","-34.054055","18.427575"
"Mimetes hirtus","","Mimetes","Proteaceae","-34.05411","18.42775"
"Mimetes hirtus","","Mimetes","Proteaceae","-34.07506","18.395505"
"Mimetes hirtus","","Mimetes","Proteaceae","-34.075027","18.395445"
"Mimetes hirtus","Marsh Pagoda","Mimetes","Proteaceae","-34.09440316","18.40447559"
"Mimetes hirtus","Marsh Pagoda","Mimetes","Proteaceae","-34.09486389","18.404747"
"Mimetes hirtus","","Mimetes","Proteaceae","-34.094547","18.40468"
"Mimetes hirtus","Marsh Pagoda","Mimetes","Proteaceae","-34.09471418","18.40504217"
"Mimetes hirtus","","Mimetes","Proteaceae","-34.094513","18.405015"
"Mimetes hirtus","","Mimetes","Proteaceae","-34.092444","18.422762"
"Mimetes hirtus","","Mimetes","Proteaceae","-34.094169","18.421705"
"Mimetes hirtus","","Mimetes","Proteaceae","-34.094079","18.421799"
"Mimetes hirtus","","Mimetes","Proteaceae","-34.095141","18.404755"
"Mimetes hirtus","","Mimetes","Proteaceae","-34.095108","18.4049"
"Mimetes hirtus","","Mimetes","Proteaceae","-34.20549","18.396635"
"Mimetes hirtus","","Mimetes","Proteaceae","-34.214494","18.39268"
"Mimetes hirtus","","Mimetes","Proteaceae","-34.214446","18.392948"
"Mimetes hirtus","","Mimetes","Proteaceae","-34.214713","18.393226"
"Mimetes hirtus","","Mimetes","Proteaceae","-34.211958","18.395314"
"Mimetes hirtus","","Mimetes","Proteaceae","-34.222467","18.412234"
"Mimetes hirtus","","Mimetes","Proteaceae","-34.239618","18.382602"
"Mimetes hirtus","","Mimetes","Proteaceae","-34.239598","18.380515"
"Mimetes hirtus","","Mimetes","Proteaceae","-34.239307","18.382035"
"Mimetes hirtus","","Mimetes","Proteaceae","-34.236409","18.404716"
"Mimetes hirtus","","Mimetes","Proteaceae","-34.236411","18.404497"
"Mimetes hirtus","","Mimetes","Proteaceae","-34.236632","18.405457"
"Mimetes hirtus","","Mimetes","Proteaceae","-34.242254","18.394411"
"Mimetes hirtus","","Mimetes","Proteaceae","-34.240233","18.404393"
"Mimetes hirtus","","Mimetes","Proteaceae","-34.242483","18.406721"
"Mimetes hirtus","","Mimetes","Proteaceae","-34.242502","18.406856"
"Mimetes hirtus","","Mimetes","Proteaceae","-34.242446","18.406852"
"Mimetes hirtus","","Mimetes","Proteaceae","-34.247896","18.382015"
"Mimetes hirtus","","Mimetes","Proteaceae","-34.247826","18.382078"
"Mimetes hirtus","Marsh Pagoda","Mimetes","Proteaceae","-34.2543","18.3849"
"Mimetes hirtus","","Mimetes","Proteaceae","-34.254006","18.3845"
"Mimetes hirtus","","Mimetes","Proteaceae","-34.254148","18.384646"
"Mimetes hirtus","","Mimetes","Proteaceae","-34.254872","18.3852"
"Mimetes hirtus","","Mimetes","Proteaceae","-34.255192","18.385056"
"Mimetes hirtus","","Mimetes","Proteaceae","-34.255588","18.385362"
"Mimetes hirtus","","Mimetes","Proteaceae","-34.257705","18.38595"
"Mimetes hirtus","","Mimetes","Proteaceae","-34.259841","18.390645"
"Mimetes hirtus","","Mimetes","Proteaceae","-34.259972","18.428907"
"Mimetes hirtus","","Mimetes","Proteaceae","-34.260507","18.391508"
"Mimetes hirtus","","Mimetes","Proteaceae","-34.260649","18.391551"
"Mimetes hirtus","","Mimetes","Proteaceae","-34.260849","18.392086"
"Mimetes hirtus","","Mimetes","Proteaceae","-34.264945","18.398512"
"Mimetes hirtus","","Mimetes","Proteaceae","-34.264518","18.396936"
"Mimetes hirtus","","Mimetes","Proteaceae","-34.26327","18.396748"
"Mimetes hirtus","","Mimetes","Proteaceae","-34.260425","18.42892"
"Pelargonium cucullatum tabulare","","Pelargonium","Geraniaceae","-33.904449","18.40225"
"Pelargonium cucullatum tabulare","","Pelargonium","Geraniaceae","-33.919083","18.399607"
"Pelargonium cucullatum tabulare","","Pelargonium","Geraniaceae","-33.918075","18.401888"
"Pelargonium cucullatum tabulare","","Pelargonium","Geraniaceae","-33.918056","18.401667"
"Pelargonium cucullatum tabulare","","Pelargonium","Geraniaceae","-33.918156","18.401517"
"Pelargonium cucullatum tabulare","","Pelargonium","Geraniaceae","-33.917301","18.405419"
"Pelargonium cucullatum tabulare","","Pelargonium","Geraniaceae","-33.92326","18.395294"
"Pelargonium cucullatum tabulare","","Pelargonium","Geraniaceae","-33.924792","18.395566"
"Pelargonium cucullatum tabulare","","Pelargonium","Geraniaceae","-33.920065","18.398659"
"Pelargonium cucullatum tabulare","","Pelargonium","Geraniaceae","-33.928587","18.394332"
"Pelargonium cucullatum tabulare","","Pelargonium","Geraniaceae","-33.929367","18.394563"
"Pelargonium cucullatum tabulare","","Pelargonium","Geraniaceae","-33.92665","18.394983"
"Pelargonium cucullatum tabulare","","Pelargonium","Geraniaceae","-33.927283","18.395605"
"Pelargonium cucullatum tabulare","","Pelargonium","Geraniaceae","-33.927774","18.395811"
"Pelargonium cucullatum tabulare","","Pelargonium","Geraniaceae","-33.928778","18.395888"
"Pelargonium cucullatum tabulare","","Pelargonium","Geraniaceae","-33.925172","18.401883"
"Pelargonium cucullatum tabulare","","Pelargonium","Geraniaceae","-33.934487","18.390345"
"Pelargonium cucullatum tabulare","","Pelargonium","Geraniaceae","-33.939835","18.396068"
"Pelargonium cucullatum tabulare","","Pelargonium","Geraniaceae","-33.941392","18.388072"
"Pelargonium cucullatum tabulare","","Pelargonium","Geraniaceae","-33.942213","18.390908"
"Pelargonium cucullatum tabulare","","Pelargonium","Geraniaceae","-33.940238","18.395855"
"Pelargonium cucullatum tabulare","","Pelargonium","Geraniaceae","-33.940566","18.395556"
"Pelargonium cucullatum tabulare","","Pelargonium","Geraniaceae","-33.94301","18.477597"
"Pelargonium cucullatum tabulare","","Pelargonium","Geraniaceae","-33.946628","18.397853"
"Pelargonium cucullatum tabulare","","Pelargonium","Geraniaceae","-33.947537","18.395223"
"Pelargonium cucullatum tabulare","","Pelargonium","Geraniaceae","-33.945748","18.399026"
"Pelargonium cucullatum tabulare","","Pelargonium","Geraniaceae","-33.945795","18.404077"
"Pelargonium cucullatum tabulare","","Pelargonium","Geraniaceae","-33.947975","18.402862"
"Pelargonium cucullatum tabulare","","Pelargonium","Geraniaceae","-33.947034","18.406499"
"Pelargonium cucullatum tabulare","","Pelargonium","Geraniaceae","-33.949508","18.421328"
"Pelargonium cucullatum tabulare","Peninsula Hooded Storksbill","Pelargonium","Geraniaceae","-33.94967139","18.44607806"
"Pelargonium cucullatum tabulare","","Pelargonium","Geraniaceae","-33.949866","18.462183"
"Pelargonium cucullatum tabulare","","Pelargonium","Geraniaceae","-33.950382","18.401195"
"Pelargonium cucullatum tabulare","","Pelargonium","Geraniaceae","-33.953873","18.407064"
"Pelargonium cucullatum tabulare","","Pelargonium","Geraniaceae","-33.952205","18.412464"
"Pelargonium cucullatum tabulare","","Pelargonium","Geraniaceae","-33.952761","18.413994"
"Pelargonium cucullatum tabulare","","Pelargonium","Geraniaceae","-33.951243","18.415194"
"Pelargonium cucullatum tabulare","","Pelargonium","Geraniaceae","-33.954706","18.428343"
"Pelargonium cucullatum tabulare","","Pelargonium","Geraniaceae","-33.954004","18.428703"
"Pelargonium cucullatum tabulare","","Pelargonium","Geraniaceae","-33.952426","18.459748"
"Pelargonium cucullatum tabulare","","Pelargonium","Geraniaceae","-33.952181","18.459597"
"Pelargonium cucullatum tabulare","","Pelargonium","Geraniaceae","-33.952263","18.458594"
"Pelargonium cucullatum tabulare","","Pelargonium","Geraniaceae","-33.950904","18.462629"
"Pelargonium cucullatum tabulare","","Pelargonium","Geraniaceae","-33.952561","18.460107"
"Pelargonium cucullatum tabulare","","Pelargonium","Geraniaceae","-33.950912","18.462065"
"Pelargonium cucullatum tabulare","","Pelargonium","Geraniaceae","-33.956047","18.380653"
"Pelargonium cucullatum tabulare","","Pelargonium","Geraniaceae","-33.957168","18.402493"
"Pelargonium cucullatum tabulare","","Pelargonium","Geraniaceae","-33.95545","18.40291"
"Pelargonium cucullatum tabulare","","Pelargonium","Geraniaceae","-33.959985","18.413034"
"Pelargonium cucullatum tabulare","","Pelargonium","Geraniaceae","-33.956047","18.411715"
"Protea cynaroides","","Protea","Proteaceae","-33.954212","18.438222"
"Protea cynaroides","","Protea","Proteaceae","-33.954296","18.438678"
"Protea cynaroides","","Protea","Proteaceae","-33.954207","18.437454"
"Protea cynaroides","Giant Protea","Protea","Proteaceae","-33.95891561","18.40307728"
"Protea cynaroides","","Protea","Proteaceae","-33.95541","18.415835"
"Protea cynaroides","","Protea","Proteaceae","-33.958241","18.432814"
"Protea cynaroides","","Protea","Proteaceae","-33.955765","18.431587"
"Protea cynaroides","","Protea","Proteaceae","-33.95852","18.432487"
"Protea cynaroides","Giant Protea","Protea","Proteaceae","-33.96044726","18.40072632"
"Protea cynaroides","","Protea","Proteaceae","-33.960579","18.409142"
"Protea cynaroides","","Protea","Proteaceae","-33.960183","18.408273"
"Protea cynaroides","","Protea","Proteaceae","-33.960098","18.406116"
"Protea cynaroides","","Protea","Proteaceae","-33.964938","18.410587"
"Protea cynaroides","","Protea","Proteaceae","-33.960514","18.432569"
"Protea cynaroides","","Protea","Proteaceae","-33.960781","18.430305"
"Protea cynaroides","","Protea","Proteaceae","-33.960413","18.432555"
"Protea cynaroides","","Protea","Proteaceae","-33.968773","18.395468"
"Protea cynaroides","","Protea","Proteaceae","-33.968778","18.395738"
"Protea cynaroides","","Protea","Proteaceae","-33.969239","18.396752"
"Protea cynaroides","","Protea","Proteaceae","-33.969525","18.402547"
"Protea cynaroides","","Protea","Proteaceae","-33.969942","18.401763"
"Protea cynaroides","","Protea","Proteaceae","-33.968404","18.403935"
"Protea cynaroides","","Protea","Proteaceae","-33.965338","18.407498"
"Protea cynaroides","","Protea","Proteaceae","-33.965144","18.406593"
"Protea cynaroides","","Protea","Proteaceae","-33.965366","18.408472"
"Protea cynaroides","Giant Protea","Protea","Proteaceae","-33.966564","18.413378"
"Protea cynaroides","","Protea","Proteaceae","-33.967933","18.411605"
"Protea cynaroides","","Protea","Proteaceae","-33.96553","18.410589"
"Protea cynaroides","","Protea","Proteaceae","-33.966192","18.423463"
"Protea cynaroides","","Protea","Proteaceae","-33.965617","18.424696"
"Protea cynaroides","","Protea","Proteaceae","-33.96625","18.423437"
"Protea cynaroides","","Protea","Proteaceae","-33.967751","18.426261"
"Protea cynaroides","","Protea","Proteaceae","-33.968005","18.426137"
"Protea cynaroides","","Protea","Proteaceae","-33.967797","18.42637"
"Protea cynaroides","Giant Protea","Protea","Proteaceae","-33.97182017","18.39349224"
"Protea cynaroides","Giant Protea","Protea","Proteaceae","-33.97182017","18.39349224"
"Protea cynaroides","","Protea","Proteaceae","-33.971813","18.392063"
"Protea cynaroides","","Protea","Proteaceae","-33.972137","18.398158"
"Protea cynaroides","","Protea","Proteaceae","-33.972233","18.39515"
"Protea cynaroides","","Protea","Proteaceae","-33.974483","18.404108"
"Protea cynaroides","","Protea","Proteaceae","-33.9734","18.406079"
"Protea cynaroides","","Protea","Proteaceae","-33.973923","18.409989"
"Protea cynaroides","","Protea","Proteaceae","-33.973375","18.405946"
"Protea cynaroides","","Protea","Proteaceae","-33.973963","18.410003"
"Protea cynaroides","","Protea","Proteaceae","-33.973263","18.41933"
"Protea cynaroides","","Protea","Proteaceae","-33.973608","18.420433"
"Protea cynaroides","","Protea","Proteaceae","-33.973522","18.420588"
"Protea cynaroides","","Protea","Proteaceae","-33.971112","18.422244"
"Protea cynaroides","Giant Protea","Protea","Proteaceae","-33.97988837","18.41187361"
"Protea cynaroides","Giant Protea","Protea","Proteaceae","-33.9787353","18.4175602"
"Protea lepidocarpodendron","","Protea","Proteaceae","-33.940778","18.384623"
"Protea lepidocarpodendron","","Protea","Proteaceae","-33.944482","18.43457"
"Protea lepidocarpodendron","Blackbeard Sugarbush","Protea","Proteaceae","-33.94760622","18.39450139"
"Protea lepidocarpodendron","Blackbeard Sugarbush","Protea","Proteaceae","-33.94760622","18.39450139"
"Protea lepidocarpodendron","","Protea","Proteaceae","-33.949329","18.431212"
"Protea lepidocarpodendron","","Protea","Proteaceae","-33.949638","18.434458"
"Protea lepidocarpodendron","","Protea","Proteaceae","-33.951128","18.392155"
"Protea lepidocarpodendron","","Protea","Proteaceae","-33.951483","18.390745"
"Protea lepidocarpodendron","","Protea","Proteaceae","-33.952968","18.415268"
"Protea lepidocarpodendron","","Protea","Proteaceae","-33.951268","18.415213"
"Protea lepidocarpodendron","","Protea","Proteaceae","-33.958087","18.416565"
"Protea lepidocarpodendron","","Protea","Proteaceae","-33.958049","18.416667"
"Protea lepidocarpodendron","","Protea","Proteaceae","-33.957528","18.421426"
"Protea lepidocarpodendron","","Protea","Proteaceae","-33.957432","18.426826"
"Protea lepidocarpodendron","","Protea","Proteaceae","-33.957272","18.426784"
"Protea lepidocarpodendron","","Protea","Proteaceae","-33.958208","18.428958"
"Protea lepidocarpodendron","","Protea","Proteaceae","-33.95768","18.430163"
"Protea lepidocarpodendron","","Protea","Proteaceae","-33.958859","18.432589"
"Protea lepidocarpodendron","","Protea","Proteaceae","-33.95832","18.432608"
"Protea lepidocarpodendron","","Protea","Proteaceae","-33.963699","18.388837"
"Protea lepidocarpodendron","","Protea","Proteaceae","-33.96734","18.396795"
"Protea lepidocarpodendron","","Protea","Proteaceae","-33.967674","18.396209"
"Protea lepidocarpodendron","","Protea","Proteaceae","-33.967088","18.395082"
"Protea lepidocarpodendron","","Protea","Proteaceae","-33.97067","18.389444"
"Protea lepidocarpodendron","","Protea","Proteaceae","-33.97066","18.389619"
"Protea lepidocarpodendron","","Protea","Proteaceae","-33.982579","18.369329"
"Protea lepidocarpodendron","","Protea","Proteaceae","-33.98328","18.367842"
"Protea lepidocarpodendron","","Protea","Proteaceae","-33.980545","18.366312"
"Protea lepidocarpodendron","","Protea","Proteaceae","-33.985376","18.356266"
"Protea lepidocarpodendron","","Protea","Proteaceae","-33.987345","18.364379"
"Protea lepidocarpodendron","","Protea","Proteaceae","-33.999556","18.360844"
"Protea lepidocarpodendron","","Protea","Proteaceae","-33.998345","18.400581"
"Protea lepidocarpodendron","","Protea","Proteaceae","-33.995879","18.401587"
"Protea lepidocarpodendron","","Protea","Proteaceae","-33.995045","18.402064"
"Protea lepidocarpodendron","","Protea","Proteaceae","-34.001691","18.399878"
"Protea lepidocarpodendron","","Protea","Proteaceae","-34.004114","18.403556"
"Protea lepidocarpodendron","","Protea","Proteaceae","-34.003278","18.400111"
"Protea lepidocarpodendron","","Protea","Proteaceae","-34.00436","18.407174"
"Protea lepidocarpodendron","","Protea","Proteaceae","-34.004946","18.407187"
"Protea lepidocarpodendron","","Protea","Proteaceae","-34.003433","18.405388"
"Protea lepidocarpodendron","","Protea","Proteaceae","-34.009244","18.351644"
"Protea lepidocarpodendron","","Protea","Proteaceae","-34.008903","18.353363"
"Protea lepidocarpodendron","","Protea","Proteaceae","-34.0087","18.359965"
"Protea lepidocarpodendron","","Protea","Proteaceae","-34.005223","18.404382"
"Protea lepidocarpodendron","","Protea","Proteaceae","-34.005481","18.408415"
"Protea lepidocarpodendron","","Protea","Proteaceae","-34.005487","18.408236"
"Protea lepidocarpodendron","","Protea","Proteaceae","-34.005901","18.406182"
"Protea lepidocarpodendron","Blackbeard Sugarbush","Protea","Proteaceae","-34.01978392","18.39840168"
"Protea lepidocarpodendron","Blackbeard Sugarbush","Protea","Proteaceae","-34.01978392","18.39840168"
"Protea lepidocarpodendron","","Protea","Proteaceae","-34.024654","18.395132"
"Protea speciosa","","Protea","Proteaceae","-33.954425","18.439249"
"Protea speciosa","","Protea","Proteaceae","-33.954203","18.438818"
"Protea speciosa","","Protea","Proteaceae","-33.954419","18.435777"
"Protea speciosa","Brownbeard Sugarbush","Protea","Proteaceae","-33.9560224","18.4337104"
"Protea speciosa","","Protea","Proteaceae","-33.955727","18.434393"
"Protea speciosa","","Protea","Proteaceae","-33.955773","18.433953"
"Protea speciosa","","Protea","Proteaceae","-33.959375","18.435126"
"Protea speciosa","","Protea","Proteaceae","-33.959317","18.43519"
"Protea speciosa","","Protea","Proteaceae","-33.959342","18.435101"
"Protea speciosa","","Protea","Proteaceae","-33.968942","18.395952"
"Protea speciosa","","Protea","Proteaceae","-33.969702","18.399336"
"Protea speciosa","","Protea","Proteaceae","-33.969726","18.399421"
"Protea speciosa","","Protea","Proteaceae","-33.972237","18.408153"
"Protea speciosa","","Protea","Proteaceae","-33.971313","18.40904"
"Protea speciosa","","Protea","Proteaceae","-33.971204","18.409027"
"Protea speciosa","","Protea","Proteaceae","-33.970707","18.413148"
"Protea speciosa","","Protea","Proteaceae","-33.970775","18.413115"
"Protea speciosa","","Protea","Proteaceae","-33.972467","18.415227"
"Protea speciosa","","Protea","Proteaceae","-33.979387","18.383002"
"Protea speciosa","","Protea","Proteaceae","-33.979342","18.382958"
"Protea speciosa","","Protea","Proteaceae","-33.979888","18.382731"
"Protea speciosa","","Protea","Proteaceae","-33.97956","18.387624"
"Protea speciosa","","Protea","Proteaceae","-33.977378","18.385747"
"Protea speciosa","","Protea","Proteaceae","-33.979659","18.387576"
"Protea speciosa","","Protea","Proteaceae","-33.97585","18.390253"
"Protea speciosa","","Protea","Proteaceae","-33.975755","18.390372"
"Protea speciosa","","Protea","Proteaceae","-33.978588","18.411077"
"Protea speciosa","Brownbeard Sugarbush","Protea","Proteaceae","-33.97853269","18.41762831"
"Protea speciosa","Brownbeard Sugarbush","Protea","Proteaceae","-33.97853269","18.41762831"
"Protea speciosa","","Protea","Proteaceae","-33.977575","18.418952"
"Protea speciosa","","Protea","Proteaceae","-33.976761","18.420566"
"Protea speciosa","","Protea","Proteaceae","-33.97669","18.420526"
"Protea speciosa","","Protea","Proteaceae","-33.976956","18.42039"
"Protea speciosa","","Protea","Proteaceae","-33.980703","18.383105"
"Protea speciosa","","Protea","Proteaceae","-33.981438","18.384985"
"Protea speciosa","","Protea","Proteaceae","-33.984984","18.381396"
"Protea speciosa","","Protea","Proteaceae","-33.981422","18.385299"
"Protea speciosa","","Protea","Proteaceae","-33.981469","18.385275"
"Protea speciosa","","Protea","Proteaceae","-33.981643","18.385208"
"Protea speciosa","","Protea","Proteaceae","-33.984772","18.391547"
"Protea speciosa","","Protea","Proteaceae","-33.984214","18.391395"
"Protea speciosa","","Protea","Proteaceae","-33.982648","18.390784"
"Protea speciosa","","Protea","Proteaceae","-33.982371","18.39526"
"Protea speciosa","","Protea","Proteaceae","-33.984835","18.419152"
"Protea speciosa","","Protea","Proteaceae","-33.983258","18.418442"
"Protea speciosa","","Protea","Proteaceae","-33.984955","18.415203"
"Protea speciosa","","Protea","Proteaceae","-33.985005","18.391668"
"Protea speciosa","","Protea","Proteaceae","-33.985188","18.391783"
"Protea speciosa","","Protea","Proteaceae","-33.988851","18.414143"
"Protea speciosa","","Protea","Proteaceae","-33.98514","18.41471"
"Psoralea fruticans","","Psoralea","Fabaceae","-33.900883","18.483012"
"Psoralea fruticans","","Psoralea","Fabaceae","-33.938977","18.394477"
"Psoralea fruticans","","Psoralea","Fabaceae","-33.93805","18.394464"
"Psoralea fruticans","","Psoralea","Fabaceae","-33.949653","18.424345"
"Psoralea fruticans","","Psoralea","Fabaceae","-33.951713","18.416268"
"Psoralea fruticans","","Psoralea","Fabaceae","-33.951044","18.416353"
"Psoralea fruticans","","Psoralea","Fabaceae","-33.954342","18.430503"
"Psoralea fruticans","","Psoralea","Fabaceae","-33.950088","18.450353"
"Psoralea fruticans","","Psoralea","Fabaceae","-33.951159","18.45152"
"Psoralea fruticans","","Psoralea","Fabaceae","-33.958627","18.383366"
"Psoralea fruticans","","Psoralea","Fabaceae","-33.955142","18.392952"
"Psoralea fruticans","","Psoralea","Fabaceae","-33.958165","18.416417"
"Psoralea fruticans","","Psoralea","Fabaceae","-33.958219","18.428878"
"Psoralea fruticans","","Psoralea","Fabaceae","-33.968925","18.390072"
"Psoralea fruticans","","Psoralea","Fabaceae","-33.988245","18.36482"
"Psoralea fruticans","","Psoralea","Fabaceae","-33.987012","18.364442"
"Psoralea fruticans","Peninsula Dottypea","Psoralea","Fabaceae","-33.9888","18.42258"
"Psoralea fruticans","Peninsula Dottypea","Psoralea","Fabaceae","-33.9888","18.42258"
"Psoralea fruticans","","Psoralea","Fabaceae","-33.989874","18.423065"
"Psoralea fruticans","","Psoralea","Fabaceae","-33.995366","18.421939"
"Psoralea fruticans","","Psoralea","Fabaceae","-33.998201","18.48048"
"Psoralea fruticans","","Psoralea","Fabaceae","-34.004705","18.405041"
"Psoralea fruticans","","Psoralea","Fabaceae","-34.004575","18.419767"
"Psoralea fruticans","","Psoralea","Fabaceae","-34.001254","18.420902"
"Psoralea fruticans","","Psoralea","Fabaceae","-34.001717","18.420499"
"Psoralea fruticans","","Psoralea","Fabaceae","-34.009029","18.352096"
"Psoralea fruticans","","Psoralea","Fabaceae","-34.007277","18.39381"
"Psoralea fruticans","","Psoralea","Fabaceae","-34.006338","18.397909"
"Psoralea fruticans","","Psoralea","Fabaceae","-34.008497","18.405897"
"Psoralea fruticans","","Psoralea","Fabaceae","-34.008322","18.405866"
"Psoralea fruticans","","Psoralea","Fabaceae","-34.0079","18.405495"
"Psoralea fruticans","","Psoralea","Fabaceae","-34.005576","18.417495"
"Psoralea fruticans","","Psoralea","Fabaceae","-34.00564","18.417558"
"Psoralea fruticans","Peninsula Dottypea","Psoralea","Fabaceae","-34.01330948","18.34648895"
"Psoralea fruticans","","Psoralea","Fabaceae","-34.019417","18.333293"
"Psoralea fruticans","","Psoralea","Fabaceae","-34.019613","18.398765"
"Psoralea fruticans","Peninsula Dottypea","Psoralea","Fabaceae","-34.02179193","18.39746223"
"Psoralea fruticans","Peninsula Dottypea","Psoralea","Fabaceae","-34.02179193","18.39746223"
"Psoralea fruticans","","Psoralea","Fabaceae","-34.022209","18.405334"
"Psoralea fruticans","","Psoralea","Fabaceae","-34.028303","18.336219"
"Psoralea fruticans","","Psoralea","Fabaceae","-34.03307","18.330961"
"Psoralea fruticans","","Psoralea","Fabaceae","-34.034819","18.331617"
"Psoralea fruticans","","Psoralea","Fabaceae","-34.032069","18.332693"
"Psoralea fruticans","","Psoralea","Fabaceae","-34.033513","18.396741"
"Psoralea fruticans","","Psoralea","Fabaceae","-34.033951","18.398955"
"Psoralea fruticans","","Psoralea","Fabaceae","-34.035034","18.399068"
"Psoralea fruticans","","Psoralea","Fabaceae","-34.037224","18.400622"
"Psoralea fruticans","","Psoralea","Fabaceae","-34.053135","18.371103"
"Psoralea fruticans","","Psoralea","Fabaceae","-34.054978","18.483827"
"Psoralea fruticans","Peninsula Dottypea","Psoralea","Fabaceae","-34.0594444","18.3755556"
"Pteridium aquilinum capense","","Pteridium","Dennstaedtiaceae","-33.95869298781628","18.451372362867033"
"Pteridium aquilinum capense","","Pteridium","Dennstaedtiaceae","-33.95655499589631","18.455117766574357"
"Pteridium aquilinum capense","","Pteridium","Dennstaedtiaceae","-33.94999672452906","18.454743107002294"
"Pteridium aquilinum capense","","Pteridium","Dennstaedtiaceae","-33.96316281959523","18.44954321044378"
"Pteridium aquilinum capense","","Pteridium","Dennstaedtiaceae","-33.96344204329317","18.449212890493662"
"Pteridium aquilinum capense","","Pteridium","Dennstaedtiaceae","-33.96914138068981","18.449164833607362"
"Pteridium aquilinum capense","","Pteridium","Dennstaedtiaceae","-33.96998968619643","18.44826950149419"
"Pteridium aquilinum capense","","Pteridium","Dennstaedtiaceae","-33.96666638535557","18.434999234402852"
"Pteridium aquilinum capense","","Pteridium","Dennstaedtiaceae","-33.96666767944004","18.43526114725094"
"Pteridium aquilinum capense","","Pteridium","Dennstaedtiaceae","-33.96712832223802","18.436177147417368"
"Pteridium aquilinum capense","","Pteridium","Dennstaedtiaceae","-33.95542274397109","18.42133226921062"
"Pteridium aquilinum capense","","Pteridium","Dennstaedtiaceae","-33.956550360414035","18.42452486492198"
"Pteridium aquilinum capense","","Pteridium","Dennstaedtiaceae","-33.95626861715517","18.42603399714056"
"Pteridium aquilinum capense","","Pteridium","Dennstaedtiaceae","-33.956077647882125","18.426049282035862"
"Pteridium aquilinum capense","","Pteridium","Dennstaedtiaceae","-33.95727553092341","18.425941147214935"
"Pteridium aquilinum capense","","Pteridium","Dennstaedtiaceae","-33.957310045744514","18.42597949877434"
"Pteridium aquilinum capense","","Pteridium","Dennstaedtiaceae","-33.94990829652821","18.413928583071037"
"Pteridium aquilinum capense","","Pteridium","Dennstaedtiaceae","-33.94963663415829","18.412871389292217"
"Pteridium aquilinum capense","","Pteridium","Dennstaedtiaceae","-33.961044377512415","18.39360423294899"
"Pteridium aquilinum capense","","Pteridium","Dennstaedtiaceae","-33.96101254822445","18.393536606641533"
"Pteridium aquilinum capense","","Pteridium","Dennstaedtiaceae","-33.980446130477716","18.43042899995625"
"Pteridium aquilinum capense","","Pteridium","Dennstaedtiaceae","-33.981476723719894","18.432042465477938"
"Pteridium aquilinum capense","","Pteridium","Dennstaedtiaceae","-33.979969282272904","18.395367108233568"
"Pteridium aquilinum capense","","Pteridium","Dennstaedtiaceae","-33.97988265946086","18.396218391413544"
"Pteridium aquilinum capense","","Pteridium","Dennstaedtiaceae","-33.979666591014116","18.396073286245052"
"Pteridium aquilinum capense","","Pteridium","Dennstaedtiaceae","-33.988721681826455","18.393146832159204"
"Pteridium aquilinum capense","","Pteridium","Dennstaedtiaceae","-33.989009120405115","18.39299940573248"
"Pteridium aquilinum capense","","Pteridium","Dennstaedtiaceae","-33.98945783859217","18.393061737678877"
"Pteridium aquilinum capense","","Pteridium","Dennstaedtiaceae","-33.98950171541681","18.39463426333801"
"Pteridium aquilinum capense","","Pteridium","Dennstaedtiaceae","-33.991006831929276","18.3936553198554"
"Pteridium aquilinum capense","","Pteridium","Dennstaedtiaceae","-33.9904797972185","18.392882634364664"
"Pteridium aquilinum capense","","Pteridium","Dennstaedtiaceae","-34.271833785777964","18.46715874138833"
"Pteridium aquilinum capense","","Pteridium","Dennstaedtiaceae","-34.272265214084534","18.466181041689868"
"Pteridium aquilinum capense","","Pteridium","Dennstaedtiaceae","-34.27232665205021","18.465238773920987"
"Pteridium aquilinum capense","","Pteridium","Dennstaedtiaceae","-34.27705950826427","18.46259121593051"
"Pteridium aquilinum capense","","Pteridium","Dennstaedtiaceae","-34.27338923702453","18.457651188917513"
"Pteridium aquilinum capense","","Pteridium","Dennstaedtiaceae","-34.275037064661795","18.458169136209342"
"Pteridium aquilinum capense","","Pteridium","Dennstaedtiaceae","-34.275864846775086","18.459296789829057"
"Pteridium aquilinum capense","","Pteridium","Dennstaedtiaceae","-34.27778935677418","18.455322478951164"
"Pteridium aquilinum capense","","Pteridium","Dennstaedtiaceae","-34.28268833841911","18.454519270676045"
"Pteridium aquilinum capense","","Pteridium","Dennstaedtiaceae","-34.28359211845659","18.455019591641587"
"Pteridium aquilinum capense","","Pteridium","Dennstaedtiaceae","-34.287109516901964","18.455783418208576"
"Pteridium aquilinum capense","","Pteridium","Dennstaedtiaceae","-34.286622544788976","18.457653957983258"
"Pteridium aquilinum capense","Southern Bracken","Pteridium","Dennstaedtiaceae","-34.29471050099916","18.448040723162848"
"Pteridium aquilinum capense","Southern Bracken","Pteridium","Dennstaedtiaceae","-34.31057685330281","18.444361042747808"
"Pteridium aquilinum capense","","Pteridium","Dennstaedtiaceae","-34.30803809704661","18.45173839912839"
"Pteridium aquilinum capense","","Pteridium","Dennstaedtiaceae","-34.30555067510803","18.443206545352535"
"Pteridium aquilinum capense","","Pteridium","Dennstaedtiaceae","-34.30675729401937","18.444693215290826"
"Pteridium aquilinum capense","","Pteridium","Dennstaedtiaceae","-34.306786661126814","18.448338548348104"
"Pteridium aquilinum capense","","Pteridium","Dennstaedtiaceae","-34.31027899196469","18.45329134218195"
"Roella ciliata","","Roella","Campanulaceae","-33.855378","18.610458"
"Roella ciliata","","Roella","Campanulaceae","-33.855526","18.610359"
"Roella ciliata","","Roella","Campanulaceae","-33.858764","18.61703"
"Roella ciliata","","Roella","Campanulaceae","-33.860798","18.551212"
"Roella ciliata","","Roella","Campanulaceae","-33.933815","18.387082"
"Roella ciliata","","Roella","Campanulaceae","-33.9328","18.389142"
"Roella ciliata","","Roella","Campanulaceae","-33.933955","18.387292"
"Roella ciliata","","Roella","Campanulaceae","-33.938953","18.394355"
"Roella ciliata","","Roella","Campanulaceae","-33.939216","18.394393"
"Roella ciliata","","Roella","Campanulaceae","-33.938396","18.393427"
"Roella ciliata","","Roella","Campanulaceae","-33.940313","18.384237"
"Roella ciliata","","Roella","Campanulaceae","-33.94205","18.386236"
"Roella ciliata","","Roella","Campanulaceae","-33.944763","18.393753"
"Roella ciliata","","Roella","Campanulaceae","-33.941645","18.390388"
"Roella ciliata","","Roella","Campanulaceae","-33.94495","18.393592"
"Roella ciliata","","Roella","Campanulaceae","-33.944394","18.396752"
"Roella ciliata","","Roella","Campanulaceae","-33.943517","18.401871"
"Roella ciliata","","Roella","Campanulaceae","-33.943499","18.401104"
"Roella ciliata","","Roella","Campanulaceae","-33.943508","18.401042"
"Roella ciliata","","Roella","Campanulaceae","-33.944243","18.428242"
"Roella ciliata","","Roella","Campanulaceae","-33.942872","18.425892"
"Roella ciliata","","Roella","Campanulaceae","-33.940658","18.436905"
"Roella ciliata","","Roella","Campanulaceae","-33.949508","18.394883"
"Roella ciliata","","Roella","Campanulaceae","-33.947879","18.399633"
"Roella ciliata","","Roella","Campanulaceae","-33.945307","18.40176"
"Roella ciliata","","Roella","Campanulaceae","-33.948194","18.402408"
"Roella ciliata","","Roella","Campanulaceae","-33.949236","18.412433"
"Roella ciliata","","Roella","Campanulaceae","-33.949008","18.411239"
"Roella ciliata","","Roella","Campanulaceae","-33.948656","18.410079"
"Roella ciliata","","Roella","Campanulaceae","-33.948947","18.429028"
"Roella ciliata","","Roella","Campanulaceae","-33.948975","18.429042"
"Roella ciliata","","Roella","Campanulaceae","-33.949996","18.429552"
"Roella ciliata","","Roella","Campanulaceae","-33.949878","18.433428"
"Roella ciliata","","Roella","Campanulaceae","-33.949632","18.433781"
"Roella ciliata","","Roella","Campanulaceae","-33.948351","18.439518"
"Roella ciliata","","Roella","Campanulaceae","-33.945861","18.436828"
"Roella ciliata","","Roella","Campanulaceae","-33.945787","18.436839"
"Roella ciliata","","Roella","Campanulaceae","-33.949271","18.454751"
"Roella ciliata","","Roella","Campanulaceae","-33.949269","18.454631"
"Roella ciliata","","Roella","Campanulaceae","-33.947727","18.457577"
"Roella ciliata","","Roella","Campanulaceae","-33.950547","18.394395"
"Roella ciliata","","Roella","Campanulaceae","-33.954963","18.393033"
"Roella ciliata","","Roella","Campanulaceae","-33.9529","18.393429"
"Roella ciliata","","Roella","Campanulaceae","-33.952658","18.414905"
"Roella ciliata","","Roella","Campanulaceae","-33.950654","18.429629"
"Roella ciliata","","Roella","Campanulaceae","-33.951695","18.484033"
"Roella ciliata","","Roella","Campanulaceae","-33.951761","18.484221"
"Roella ciliata","","Roella","Campanulaceae","-33.951712","18.484106"
"Roella ciliata","","Roella","Campanulaceae","-33.95766","18.393272"
"Roella ciliata","","Roella","Campanulaceae","-33.95705","18.393106"
"Serruria glomerata","","Serruria","Proteaceae","-33.994914","18.484917"
"Serruria glomerata","","Serruria","Proteaceae","-33.992786","18.481476"
"Serruria glomerata","","Serruria","Proteaceae","-33.994843","18.484374"
"Serruria glomerata","","Serruria","Proteaceae","-33.993303","18.488414"
"Serruria glomerata","","Serruria","Proteaceae","-33.994735","18.485467"
"Serruria glomerata","","Serruria","Proteaceae","-33.99323","18.488343"
"Serruria glomerata","","Serruria","Proteaceae","-33.997572","18.484623"
"Serruria glomerata","","Serruria","Proteaceae","-33.99776","18.484576"
"Serruria glomerata","","Serruria","Proteaceae","-33.997692","18.484663"
"Serruria glomerata","","Serruria","Proteaceae","-33.995262","18.485208"
"Serruria glomerata","","Serruria","Proteaceae","-33.999408","18.487217"
"Serruria glomerata","","Serruria","Proteaceae","-33.998723","18.48782"
"Serruria glomerata","","Serruria","Proteaceae","-33.999592","18.493961"
"Serruria glomerata","","Serruria","Proteaceae","-34.000385","18.48363"
"Serruria glomerata","","Serruria","Proteaceae","-34.001057","18.482498"
"Serruria glomerata","","Serruria","Proteaceae","-34.000213","18.488579"
"Serruria glomerata","","Serruria","Proteaceae","-34.000034","18.488997"
"Serruria glomerata","","Serruria","Proteaceae","-34.00071","18.488997"
"Serruria glomerata","","Serruria","Proteaceae","-34.037705","18.453358"
"Serruria glomerata","","Serruria","Proteaceae","-34.038098","18.45335"
"Serruria glomerata","","Serruria","Proteaceae","-34.038128","18.453333"
"Serruria glomerata","","Serruria","Proteaceae","-34.054447","18.428068"
"Serruria glomerata","Cluster Spiderhead","Serruria","Proteaceae","-34.0535","18.435"
"Serruria glomerata","Cluster Spiderhead","Serruria","Proteaceae","-34.05298","18.43453333"
"Serruria glomerata","","Serruria","Proteaceae","-34.05411","18.434689"
"Serruria glomerata","","Serruria","Proteaceae","-34.053039","18.43513"
"Serruria glomerata","","Serruria","Proteaceae","-34.05278","18.435147"
"Serruria glomerata","","Serruria","Proteaceae","-34.053283","18.43585"
"Serruria glomerata","","Serruria","Proteaceae","-34.058953","18.499402"
"Serruria glomerata","","Serruria","Proteaceae","-34.108581","18.375742"
"Serruria glomerata","","Serruria","Proteaceae","-34.108578","18.375631"
"Serruria glomerata","","Serruria","Proteaceae","-34.108429","18.375744"
"Serruria glomerata","","Serruria","Proteaceae","-34.109009","18.40011"
"Serruria glomerata","","Serruria","Proteaceae","-34.11137","18.392991"
"Serruria glomerata","","Serruria","Proteaceae","-34.111743","18.392823"
"Serruria glomerata","","Serruria","Proteaceae","-34.11107","18.391222"
"Serruria glomerata","","Serruria","Proteaceae","-34.144864","18.426133"
"Serruria glomerata","","Serruria","Proteaceae","-34.144794","18.426"
"Serruria glomerata","","Serruria","Proteaceae","-34.144825","18.426083"
"Serruria glomerata","","Serruria","Proteaceae","-34.148553","18.39495"
"Serruria glomerata","","Serruria","Proteaceae","-34.145825","18.426375"
"Serruria glomerata","","Serruria","Proteaceae","-34.145728","18.42718"
"Serruria glomerata","","Serruria","Proteaceae","-34.14652","18.425878"
"Serruria glomerata","","Serruria","Proteaceae","-34.151915","18.329485"
"Serruria glomerata","","Serruria","Proteaceae","-34.151721","18.329364"
"Serruria glomerata","","Serruria","Proteaceae","-34.151721","18.329233"
"Serruria glomerata","","Serruria","Proteaceae","-34.154872","18.433897"
"Serruria glomerata","","Serruria","Proteaceae","-34.15493","18.433758"
"Serruria glomerata","","Serruria","Proteaceae","-34.154903","18.433667"
"Serruria glomerata","","Serruria","Proteaceae","-34.155017","18.433937"
"Serruria villosa","","Serruria","Proteaceae","-34.08907","18.429708"
"Serruria villosa","","Serruria","Proteaceae","-34.089611","18.429594"
"Serruria villosa","","Serruria","Proteaceae","-34.089338","18.42962"
"Serruria villosa","","Serruria","Proteaceae","-34.093043","18.426849"
"Serruria villosa","","Serruria","Proteaceae","-34.094016","18.428787"
"Serruria villosa","","Serruria","Proteaceae","-34.090316","18.428992"
"Serruria villosa","Golden Spiderhead","Serruria","Proteaceae","-34.09371877","18.43327808"
"Serruria villosa","","Serruria","Proteaceae","-34.094276","18.432303"
"Serruria villosa","","Serruria","Proteaceae","-34.093783","18.430086"
"Serruria villosa","","Serruria","Proteaceae","-34.093405","18.439788"
"Serruria villosa","","Serruria","Proteaceae","-34.093223","18.439175"
"Serruria villosa","","Serruria","Proteaceae","-34.093304","18.435978"
"Serruria villosa","","Serruria","Proteaceae","-34.093781","18.440441"
"Serruria villosa","","Serruria","Proteaceae","-34.093525","18.4467"
"Serruria villosa","","Serruria","Proteaceae","-34.093444","18.446545"
"Serruria villosa","","Serruria","Proteaceae","-34.09691","18.40679"
"Serruria villosa","","Serruria","Proteaceae","-34.098982","18.407561"
"Serruria villosa","Golden Spiderhead","Serruria","Proteaceae","-34.095597","18.429792"
"Serruria villosa","","Serruria","Proteaceae","-34.096464","18.425569"
"Serruria villosa","","Serruria","Proteaceae","-34.095147","18.430672"
"Serruria villosa","","Serruria","Proteaceae","-34.095299","18.431008"
"Serruria villosa","","Serruria","Proteaceae","-34.09521","18.439436"
"Serruria villosa","","Serruria","Proteaceae","-34.099822","18.44628"
"Serruria villosa","","Serruria","Proteaceae","-34.099935","18.446483"
"Serruria villosa","","Serruria","Proteaceae","-34.101029","18.438212"
"Serruria villosa","","Serruria","Proteaceae","-34.101519","18.437733"
"Serruria villosa","","Serruria","Proteaceae","-34.103113","18.439112"
"Serruria villosa","","Serruria","Proteaceae","-34.102694","18.440463"
"Serruria villosa","","Serruria","Proteaceae","-34.102647","18.44045"
"Serruria villosa","","Serruria","Proteaceae","-34.100025","18.446572"
"Serruria villosa","","Serruria","Proteaceae","-34.10012","18.446987"
"Serruria villosa","","Serruria","Proteaceae","-34.101608","18.457181"
"Serruria villosa","","Serruria","Proteaceae","-34.10072","18.456099"
"Serruria villosa","","Serruria","Proteaceae","-34.105778","18.435538"
"Serruria villosa","","Serruria","Proteaceae","-34.105703","18.435508"
"Serruria villosa","","Serruria","Proteaceae","-34.10551","18.43521"
"Serruria villosa","","Serruria","Proteaceae","-34.107277","18.454719"
"Serruria villosa","","Serruria","Proteaceae","-34.109755","18.455587"
"Serruria villosa","","Serruria","Proteaceae","-34.109658","18.455417"
"Serruria villosa","","Serruria","Proteaceae","-34.109742","18.455712"
"Serruria villosa","","Serruria","Proteaceae","-34.108996","18.460428"
"Serruria villosa","","Serruria","Proteaceae","-34.108807","18.46063"
"Serruria villosa","","Serruria","Proteaceae","-34.110714","18.429427"
"Serruria villosa","","Serruria","Proteaceae","-34.112285","18.428493"
"Serruria villosa","","Serruria","Proteaceae","-34.110613","18.426075"
"Serruria villosa","","Serruria","Proteaceae","-34.114267","18.435463"
"Serruria villosa","","Serruria","Proteaceae","-34.114318","18.435713"
"Serruria villosa","","Serruria","Proteaceae","-34.11424","18.435575"
"Serruria villosa","","Serruria","Proteaceae","-34.114473","18.454951"
"Serruria villosa","","Serruria","Proteaceae","-34.113309","18.456607"
"Syncarpha vestita","","Syncarpha","Asteraceae","-33.982788","18.38366"
"Syncarpha vestita","","Syncarpha","Asteraceae","-33.984994","18.391669"
"Syncarpha vestita","","Syncarpha","Asteraceae","-33.987515","18.392977"
"Syncarpha vestita","","Syncarpha","Asteraceae","-33.985038","18.391603"
"Syncarpha vestita","","Syncarpha","Asteraceae","-33.986764","18.392597"
"Syncarpha vestita","","Syncarpha","Asteraceae","-33.989045","18.414253"
"Syncarpha vestita","","Syncarpha","Asteraceae","-33.991833","18.399755"
"Syncarpha vestita","","Syncarpha","Asteraceae","-33.991317","18.398017"
"Syncarpha vestita","","Syncarpha","Asteraceae","-33.991347","18.398112"
"Syncarpha vestita","","Syncarpha","Asteraceae","-33.994003","18.402564"
"Syncarpha vestita","","Syncarpha","Asteraceae","-33.993868","18.402603"
"Syncarpha vestita","","Syncarpha","Asteraceae","-33.99412","18.411036"
"Syncarpha vestita","","Syncarpha","Asteraceae","-33.993462","18.411992"
"Syncarpha vestita","","Syncarpha","Asteraceae","-33.994181","18.411029"
"Syncarpha vestita","","Syncarpha","Asteraceae","-33.999508","18.361575"
"Syncarpha vestita","","Syncarpha","Asteraceae","-33.99572","18.374283"
"Syncarpha vestita","","Syncarpha","Asteraceae","-33.99918","18.413725"
"Syncarpha vestita","","Syncarpha","Asteraceae","-34.002183","18.40937"
"Syncarpha vestita","","Syncarpha","Asteraceae","-34.001686","18.409822"
"Syncarpha vestita","","Syncarpha","Asteraceae","-34.024417","18.394745"
"Syncarpha vestita","","Syncarpha","Asteraceae","-34.024733","18.395291"
"Syncarpha vestita","","Syncarpha","Asteraceae","-34.020933","18.39597"
"Syncarpha vestita","","Syncarpha","Asteraceae","-34.023838","18.401065"
"Syncarpha vestita","","Syncarpha","Asteraceae","-34.027225","18.393124"
"Syncarpha vestita","","Syncarpha","Asteraceae","-34.025005","18.395661"
"Syncarpha vestita","","Syncarpha","Asteraceae","-34.034191","18.376676"
"Syncarpha vestita","","Syncarpha","Asteraceae","-34.034655","18.379909"
"Syncarpha vestita","","Syncarpha","Asteraceae","-34.034571","18.378166"
"Syncarpha vestita","","Syncarpha","Asteraceae","-34.038849","18.375968"
"Syncarpha vestita","","Syncarpha","Asteraceae","-34.038804","18.375458"
"Syncarpha vestita","","Syncarpha","Asteraceae","-34.038765","18.375616"
"Syncarpha vestita","","Syncarpha","Asteraceae","-34.035075","18.38089"
"Syncarpha vestita","","Syncarpha","Asteraceae","-34.036372","18.384501"
"Syncarpha vestita","","Syncarpha","Asteraceae","-34.036283","18.384081"
"Syncarpha vestita","","Syncarpha","Asteraceae","-34.036437","18.385202"
"Syncarpha vestita","","Syncarpha","Asteraceae","-34.036827","18.386877"
"Syncarpha vestita","","Syncarpha","Asteraceae","-34.036618","18.386124"
"Syncarpha vestita","","Syncarpha","Asteraceae","-34.054568","18.383427"
"Syncarpha vestita","","Syncarpha","Asteraceae","-34.054989","18.38447"
"Syncarpha vestita","","Syncarpha","Asteraceae","-34.051741","18.390613"
"Syncarpha vestita","Cape Snow","Syncarpha","Asteraceae","-34.05223131","18.42497349"
"Syncarpha vestita","Cape Snow","Syncarpha","Asteraceae","-34.05223131","18.42497349"
"Syncarpha vestita","","Syncarpha","Asteraceae","-34.053191","18.424599"
"Syncarpha vestita","","Syncarpha","Asteraceae","-34.054488","18.430633"
"Syncarpha vestita","","Syncarpha","Asteraceae","-34.053752","18.434765"
"Syncarpha vestita","","Syncarpha","Asteraceae","-34.054618","18.431102"
"Syncarpha vestita","","Syncarpha","Asteraceae","-34.052934","18.43543"
"Syncarpha vestita","","Syncarpha","Asteraceae","-34.053098","18.435493"
"Syncarpha vestita","","Syncarpha","Asteraceae","-34.052997","18.4355"
"Syncarpha vestita","","Syncarpha","Asteraceae","-34.05712","18.389696"
"Watsonia tabularis","","Watsonia","Iridaceae","-33.938743","18.415292"
"Watsonia tabularis","","Watsonia","Iridaceae","-33.954366","18.415073"
"Watsonia tabularis","","Watsonia","Iridaceae","-33.954437","18.4358"
"Watsonia tabularis","","Watsonia","Iridaceae","-33.951883","18.445651"
"Watsonia tabularis","","Watsonia","Iridaceae","-33.96","18.4"
"Watsonia tabularis","","Watsonia","Iridaceae","-33.95945","18.404767"
"Watsonia tabularis","","Watsonia","Iridaceae","-33.959275","18.404638"
"Watsonia tabularis","","Watsonia","Iridaceae","-33.958137","18.404084"
"Watsonia tabularis","","Watsonia","Iridaceae","-33.95935","18.406795"
"Watsonia tabularis","","Watsonia","Iridaceae","-33.959371","18.406879"
"Watsonia tabularis","","Watsonia","Iridaceae","-33.958746","18.405573"
"Watsonia tabularis","","Watsonia","Iridaceae","-33.957637","18.415907"
"Watsonia tabularis","","Watsonia","Iridaceae","-33.956478","18.430422"
"Watsonia tabularis","","Watsonia","Iridaceae","-33.956762","18.43022"
"Watsonia tabularis","","Watsonia","Iridaceae","-33.956684","18.430091"
"Watsonia tabularis","","Watsonia","Iridaceae","-33.959389","18.435047"
"Watsonia tabularis","Table Mountain Watsonia","Watsonia","Iridaceae","-33.96055603","18.40916634"
"Watsonia tabularis","","Watsonia","Iridaceae","-33.960093","18.408083"
"Watsonia tabularis","","Watsonia","Iridaceae","-33.964262","18.40975"
"Watsonia tabularis","","Watsonia","Iridaceae","-33.960502","18.410845"
"Watsonia tabularis","","Watsonia","Iridaceae","-33.961848","18.412166"
"Watsonia tabularis","","Watsonia","Iridaceae","-33.961444","18.414741"
"Watsonia tabularis","","Watsonia","Iridaceae","-33.963138","18.416583"
"Watsonia tabularis","","Watsonia","Iridaceae","-33.96492","18.415273"
"Watsonia tabularis","","Watsonia","Iridaceae","-33.963433","18.418741"
"Watsonia tabularis","","Watsonia","Iridaceae","-33.963663","18.420445"
"Watsonia tabularis","","Watsonia","Iridaceae","-33.96224","18.423182"
"Watsonia tabularis","","Watsonia","Iridaceae","-33.969588","18.396988"
"Watsonia tabularis","","Watsonia","Iridaceae","-33.969105","18.396195"
"Watsonia tabularis","","Watsonia","Iridaceae","-33.967817","18.404281"
"Watsonia tabularis","","Watsonia","Iridaceae","-33.965431","18.407887"
"Watsonia tabularis","","Watsonia","Iridaceae","-33.965565","18.406515"
"Watsonia tabularis","","Watsonia","Iridaceae","-33.965389","18.407529"
"Watsonia tabularis","","Watsonia","Iridaceae","-33.966172","18.411198"
"Watsonia tabularis","","Watsonia","Iridaceae","-33.967744","18.412436"
"Watsonia tabularis","","Watsonia","Iridaceae","-33.965125","18.41072"
"Watsonia tabularis","","Watsonia","Iridaceae","-33.966612","18.424953"
"Watsonia tabularis","","Watsonia","Iridaceae","-33.969421","18.423841"
"Watsonia tabularis","","Watsonia","Iridaceae","-33.966472","18.429285"
"Watsonia tabularis","","Watsonia","Iridaceae","-33.968236","18.425756"
"Watsonia tabularis","","Watsonia","Iridaceae","-33.968538","18.426862"
"Watsonia tabularis","","Watsonia","Iridaceae","-33.974933","18.392012"
"Watsonia tabularis","","Watsonia","Iridaceae","-33.971881","18.393014"
"Watsonia tabularis","","Watsonia","Iridaceae","-33.970978","18.396238"
"Watsonia tabularis","","Watsonia","Iridaceae","-33.971538","18.395795"
"Watsonia tabularis","","Watsonia","Iridaceae","-33.970295","18.396487"
"Watsonia tabularis","","Watsonia","Iridaceae","-33.974661","18.4078"
"Watsonia tabularis","","Watsonia","Iridaceae","-33.974625","18.405258"
"Watsonia tabularis","","Watsonia","Iridaceae","-33.973095","18.411525"
"Watsonia tabularis","","Watsonia","Iridaceae","-33.972154","18.414174"
"Witsenia maura","Bokmakierie Tail","Witsenia","Iridaceae","-34.09312944","18.42189933"
"Witsenia maura","Bokmakierie Tail","Witsenia","Iridaceae","-34.09323436","18.4216838"
"Witsenia maura","Bokmakierie Tail","Witsenia","Iridaceae","-34.09101587","18.42023916"
"Witsenia maura","Bokmakierie Tail","Witsenia","Iridaceae","-34.09311108","18.42201386"
"Witsenia maura","Bokmakierie Tail","Witsenia","Iridaceae","-34.09304997","18.42201313"
"Witsenia maura","Bokmakierie Tail","Witsenia","Iridaceae","-34.09302265","18.42202732"
"Witsenia maura","Bokmakierie Tail","Witsenia","Iridaceae","-34.09297211","18.42192067"
"Witsenia maura","Bokmakierie Tail","Witsenia","Iridaceae","-34.09663","18.421707"
"Witsenia maura","Bokmakierie Tail","Witsenia","Iridaceae","-34.101244","18.433497"
"Witsenia maura","Bokmakierie Tail","Witsenia","Iridaceae","-34.310776","18.431364"
"Witsenia maura","Bokmakierie Tail","Witsenia","Iridaceae","-34.31082225","18.43137074"
"Witsenia maura","Bokmakierie Tail","Witsenia","Iridaceae","-34.310795","18.43138667"
"Witsenia maura","Bokmakierie Tail","Witsenia","Iridaceae","-34.30952114","18.43196198"
"Witsenia maura","Bokmakierie Tail","Witsenia","Iridaceae","-34.31147309","18.43133456"
"Witsenia maura","Bokmakierie Tail","Witsenia","Iridaceae","-34.31040278","18.43111389"
"Witsenia maura","Bokmakierie Tail","Witsenia","Iridaceae","-34.31005731","18.43123373"
"Witsenia maura","Bokmakierie Tail","Witsenia","Iridaceae","-34.31074958","18.43139426"
"Witsenia maura","Bokmakierie Tail","Witsenia","Iridaceae","-34.31027778","18.43138889"
"Witsenia maura","Bokmakierie Tail","Witsenia","Iridaceae","-34.31089306","18.43131639"
"Witsenia maura","Bokmakierie Tail","Witsenia","Iridaceae","-34.31058883","18.43134689"
"Witsenia maura","Bokmakierie Tail","Witsenia","Iridaceae","-34.310776","18.431364"
"Witsenia maura","Bokmakierie Tail","Witsenia","Iridaceae","-34.31082225","18.43137074"
"Witsenia maura","Bokmakierie Tail","Witsenia","Iridaceae","-34.310795","18.43138667"
"Witsenia maura","Bokmakierie Tail","Witsenia","Iridaceae","-34.31147309","18.43133456"
"Witsenia maura","Bokmakierie Tail","Witsenia","Iridaceae","-34.31005731","18.43123373"
"Witsenia maura","Bokmakierie Tail","Witsenia","Iridaceae","-34.31074958","18.43139426"
"Witsenia maura","Bokmakierie Tail","Witsenia","Iridaceae","-34.31027778","18.43138889"
"Witsenia maura","Bokmakierie Tail","Witsenia","Iridaceae","-34.31089306","18.43131639"
"Witsenia maura","Bokmakierie Tail","Witsenia","Iridaceae","-34.31058883","18.43134689"
"Witsenia maura","Bokmakierie Tail","Witsenia","Iridaceae","-34.31043213","18.43119103"
"Witsenia maura","Bokmakierie Tail","Witsenia","Iridaceae","-34.0928","18.4219"
"Witsenia maura","Bokmakierie Tail","Witsenia","Iridaceae","-34.09312944","18.42189933"
"Witsenia maura","Bokmakierie Tail","Witsenia","Iridaceae","-34.09663","18.421707"
"Witsenia maura","Bokmakierie Tail","Witsenia","Iridaceae","-34.09323436","18.4216838"
"Witsenia maura","Bokmakierie Tail","Witsenia","Iridaceae","-34.09101587","18.42023916"
"Witsenia maura","Bokmakierie Tail","Witsenia","Iridaceae","-34.09311108","18.42201386"
"Witsenia maura","Bokmakierie Tail","Witsenia","Iridaceae","-34.09304997","18.42201313"
"Witsenia maura","Bokmakierie Tail","Witsenia","Iridaceae","-34.09302265","18.42202732"
"Witsenia maura","Bokmakierie Tail","Witsenia","Iridaceae","-34.09297211","18.42192067"
"Witsenia maura","","Witsenia","Iridaceae","-34.092689","18.422247"
"Witsenia maura","","Witsenia","Iridaceae","-34.297115","18.446421"
"Witsenia maura","","Witsenia","Iridaceae","-34.29726","18.446745"
"Witsenia maura","","Witsenia","Iridaceae","-34.297362","18.447026"
"Witsenia maura","","Witsenia","Iridaceae","-34.309917","18.431488"
"Witsenia maura","","Witsenia","Iridaceae","-34.314235","18.424722"
"Witsenia maura","","Witsenia","Iridaceae","-34.311317","18.431928"
"Witsenia maura","","Witsenia","Iridaceae","-34.310895","18.431683"
