"Scientific Names","Common Names","Genus","Family","Latitude","Longitude","Elevation","Sample Number"
"Agapanthus africanus","Cape Bluelily","Agapanthus","Amaryllidaceae",-34.200201,18.382174,24,1
"Agapanthus africanus","Cape Bluelily","Agapanthus","Amaryllidaceae",-34.087274,18.41270197,360,2
"Agapanthus africanus","Cape Bluelily","Agapanthus","Amaryllidaceae",-34.197955,18.37948667,125,3
"Agapanthus africanus","Cape Bluelily","Agapanthus","Amaryllidaceae",-34.19402094,18.40192687,222,4
"Agapanthus africanus","Cape Bluelily","Agapanthus","Amaryllidaceae",-34.00635156,18.40451664,420,5
"Agapanthus africanus","Cape Bluelily","Agapanthus","Amaryllidaceae",-34.27416167,18.39266333,69,6
"Audouinia capitata","False Heath","Audouinia","Bruniaceae",-34.26545,18.38808,49,1
"Audouinia capitata","False Heath","Audouinia","Bruniaceae",-34.2667,18.3899,32,2
"Audouinia capitata","False Heath","Audouinia","Bruniaceae",-34.267704,18.46245764,153,3
"Audouinia capitata","False Heath","Audouinia","Bruniaceae",-34.26771563,18.46250555,153,4
"Audouinia capitata","False Heath","Audouinia","Bruniaceae",-34.10071944,18.44828889,396,5
"Audouinia capitata","False Heath","Audouinia","Bruniaceae",-34.147842,18.427912,151,6
"Audouinia capitata","False Heath","Audouinia","Bruniaceae",-34.26653231,18.38966404,49,7
"Audouinia capitata","False Heath","Audouinia","Bruniaceae",-34.14752217,18.42788667,151,8
"Audouinia capitata","False Heath","Audouinia","Bruniaceae",-34.32961486,18.45500685,81,9
"Audouinia capitata","False Heath","Audouinia","Bruniaceae",-34.14786944,18.42786111,151,10
"Audouinia capitata","False Heath","Audouinia","Bruniaceae",-34.26782833,18.4624007,153,11
"Audouinia capitata","False Heath","Audouinia","Bruniaceae",-34.26388885,18.38540189,49,12
"Audouinia capitata","False Heath","Audouinia","Bruniaceae",-34.1478,18.4278,151,13
"Audouinia capitata","False Heath","Audouinia","Bruniaceae",-34.26653333,18.38965833,49,14
"Colpoon compressum","Cape Sumach","Colpoon","Santalaceae",-33.992804,18.426133,163,1
"Colpoon compressum","Cape Sumach","Colpoon","Santalaceae",-33.96284333,18.39106667,232,2
"Colpoon compressum","Cape Sumach","Colpoon","Santalaceae",-33.99246532,18.42617109,163,3
"Colpoon compressum","Cape Sumach","Colpoon","Santalaceae",-34.15106432,18.42975458,62,4
"Colpoon compressum","Cape Sumach","Colpoon","Santalaceae",-33.98934181,18.42490319,459,5
"Cotyledon orbiculata","varkoor","Cotyledon","Crassulaceae",-34.3226088,18.46231666,NA,1
"Cotyledon orbiculata","varkoor","Cotyledon","Crassulaceae",-34.35376526,18.47319223,NA,2
"Cotyledon orbiculata","varkoor","Cotyledon","Crassulaceae",-34.35456463,18.47337328,NA,3
"Cotyledon orbiculata","varkoor","Cotyledon","Crassulaceae",-34.35121944,18.48425556,64,4
"Cotyledon orbiculata","varkoor","Cotyledon","Crassulaceae",-33.95194667,18.42972167,557,5
"Dimorphotheca nudicaulis","Nudestalk Rain Daisy","Dimorphotheca","Asteraceae",-34.219602,18.413221,137,1
"Dimorphotheca nudicaulis","Nudestalk Rain Daisy","Dimorphotheca","Asteraceae",-34.09288622,18.43044801,357,2
"Dimorphotheca nudicaulis","Nudestalk Rain Daisy","Dimorphotheca","Asteraceae",-34.08841684,18.35991642,395,3
"Dimorphotheca nudicaulis","Nudestalk Rain Daisy","Dimorphotheca","Asteraceae",-34.07673455,18.38688394,512,4
"Dimorphotheca nudicaulis","Nudestalk Rain Daisy","Dimorphotheca","Asteraceae",-34.07336667,18.38142833,575,5
"Disa rosea","Rose Disa","Disa","Orchidaceae",-34.003309,18.411068,375,1
"Disa rosea","Rose Disa","Disa","Orchidaceae",-33.96986459,18.4016086,874,2
"Disa rosea","Rose Disa","Disa","Orchidaceae",-33.9731686,18.4194422,944,3
"Disa rosea","Rose Disa","Disa","Orchidaceae",-33.96811308,18.42585819,760,4
"Disa rosea","Rose Disa","Disa","Orchidaceae",-33.97200494,18.42144234,944,5
"Disa rosea","Rose Disa","Disa","Orchidaceae",-33.97335924,18.41959063,944,6
"Disa rosea","Rose Disa","Disa","Orchidaceae",-33.97337797,18.419385,944,7
"Disa rosea","Rose Disa","Disa","Orchidaceae",-33.96805562,18.42590287,760,8
"Disa rosea","Rose Disa","Disa","Orchidaceae",-33.9733667,18.41958627,944,9
"Disa rosea","Rose Disa","Disa","Orchidaceae",-33.97330397,18.419471,944,10
"Disa rosea","Rose Disa","Disa","Orchidaceae",-33.97172194,18.42147839,944,11
"Drosera aliciae","Shepherds Crook Sundew","Drosera","Droseraceae",-33.99677647,18.41252217,616,1
"Drosera aliciae","Shepherds Crook Sundew","Drosera","Droseraceae",-34.29369255,18.44080187,121,2
"Drosera aliciae","Shepherds Crook Sundew","Drosera","Droseraceae",-34.0736605,18.38221508,575,3
"Drosera aliciae","Shepherds Crook Sundew","Drosera","Droseraceae",-33.96567167,18.40725167,863,4
"Drosera aliciae","Shepherds Crook Sundew","Drosera","Droseraceae",-33.99859938,18.41067075,616,5
"Drosera aliciae","Shepherds Crook Sundew","Drosera","Droseraceae",-33.98890891,18.39037373,503,6
"Drosera aliciae","Shepherds Crook Sundew","Drosera","Droseraceae",-33.97332,18.419555,944,7
"Drosera aliciae","Shepherds Crook Sundew","Drosera","Droseraceae",-33.99999284,18.41024282,616,8
"Drosera aliciae","Shepherds Crook Sundew","Drosera","Droseraceae",-34.06448958,18.39470283,523,9
"Drosera aliciae","Shepherds Crook Sundew","Drosera","Droseraceae",-34.26446115,18.43397745,120,10
"Drosera cuneifolia","Peninsula Sundew","Drosera","Droseraceae",-33.97292833,18.41234167,875,1
"Drosera cuneifolia","Peninsula Sundew","Drosera","Droseraceae",-33.96580126,18.42102759,907,2
"Drosera cuneifolia","Peninsula Sundew","Drosera","Droseraceae",-34.22628333,18.45413056,534,3
"Drosera cuneifolia","Peninsula Sundew","Drosera","Droseraceae",-33.96687333,18.40649167,874,4
"Drosera cuneifolia","Peninsula Sundew","Drosera","Droseraceae",-33.973305,18.40648833,874,5
"Drosera cuneifolia","Peninsula Sundew","Drosera","Droseraceae",-34.22777778,18.45583333,534,6
"Drosera cuneifolia","Peninsula Sundew","Drosera","Droseraceae",-34.06678869,18.38842545,618,7
"Drosera cuneifolia","Peninsula Sundew","Drosera","Droseraceae",-33.97174167,18.39634167,766,8
"Drosera cuneifolia","Peninsula Sundew","Drosera","Droseraceae",-33.96331332,18.42044935,907,9
"Drosera cuneifolia","Peninsula Sundew","Drosera","Droseraceae",-33.96187339,18.42706553,877,10
"Drosera cuneifolia","Peninsula Sundew","Drosera","Droseraceae",-33.95856433,18.40356159,863,11
"Drosera cuneifolia","Peninsula Sundew","Drosera","Droseraceae",-33.96495486,18.41428329,947,12
"Drosera cuneifolia","Peninsula Sundew","Drosera","Droseraceae",-33.97447778,18.4043,874,13
"Erica baccans","Berry Heath","Erica","Ericaceae",-34.09547594,18.39731855,324,1
"Erica baccans","Berry Heath","Erica","Ericaceae",-34.07096193,18.40142336,393,2
"Erica baccans","Berry Heath","Erica","Ericaceae",-33.95707813,18.42633115,557,3
"Erica baccans","Berry Heath","Erica","Ericaceae",-33.95714183,18.42650382,557,4
"Erica baccans","Berry Heath","Erica","Ericaceae",-34.05749167,18.36695833,293,5
"Erica baccans","Berry Heath","Erica","Ericaceae",-34.05926697,18.366983,100,6
"Erica corifolia","Purpletip Heath","Erica","Ericaceae",-34.20022413,18.38222026,24,1
"Erica corifolia","Purpletip Heath","Erica","Ericaceae",-34.11295608,18.45701117,314,2
"Erica corifolia","Purpletip Heath","Erica","Ericaceae",-34.27283736,18.45104503,161,3
"Erica corifolia","Purpletip Heath","Erica","Ericaceae",-34.09329798,18.42370636,265,4
"Erica corifolia","Purpletip Heath","Erica","Ericaceae",-34.09038056,18.42068611,302,5
"Erica corifolia","Purpletip Heath","Erica","Ericaceae",-34.3094134,18.4324725,106,6
"Erica corifolia","Purpletip Heath","Erica","Ericaceae",-34.23842502,18.39671182,20,7
"Erica corifolia","Purpletip Heath","Erica","Ericaceae",-34.14719645,18.38596951,203,8
"Erica pyxidiflora","Box Heath","Erica","Ericaceae",-34.09885,18.45148833,315,1
"Erica pyxidiflora","Box Heath","Erica","Ericaceae",-34.10884086,18.45322516,314,2
"Erica pyxidiflora","Box Heath","Erica","Ericaceae",-34.17861063,18.39034546,298,3
"Erica pyxidiflora","Box Heath","Erica","Ericaceae",-34.09967167,18.45204833,315,4
"Erica pyxidiflora","Box Heath","Erica","Ericaceae",-34.175275,18.379666,298,5
"Erica pyxidiflora","Box Heath","Erica","Ericaceae",-34.09877892,18.45173319,315,6
"Erica pyxidiflora","Box Heath","Erica","Ericaceae",-34.20679758,18.44005567,413,7
"Erica pyxidiflora","Box Heath","Erica","Ericaceae",-34.09904261,18.4510196,315,8
"Erica pyxidiflora","Box Heath","Erica","Ericaceae",-34.099252,18.451588,315,9
"Erica pyxidiflora","Box Heath","Erica","Ericaceae",-34.09939164,18.44870553,423,10
"Erica pyxidiflora","Box Heath","Erica","Ericaceae",-34.09889167,18.45143833,315,11
"Erica pyxidiflora","Box Heath","Erica","Ericaceae",-34.07813367,18.3892002,512,12
"Gladiolus carneus","Painted Lady","Gladiolus","Iridaceae",-33.97710408,18.38978291,657,1
"Gladiolus carneus","Painted Lady","Gladiolus","Iridaceae",-34.05,18.3833,661,2
"Gladiolus carneus","Painted Lady","Gladiolus","Iridaceae",-34.20062416,18.38338029,62,3
"Gladiolus carneus","Painted Lady","Gladiolus","Iridaceae",-33.95660833,18.41472833,439,4
"Gladiolus carneus","Painted Lady","Gladiolus","Iridaceae",-34.119327,18.44672739,224,5
"Gladiolus carneus","Painted Lady","Gladiolus","Iridaceae",-33.95526255,18.42235543,363,6
"Gladiolus carneus","Painted Lady","Gladiolus","Iridaceae",-34.14762169,18.42702742,151,7
"Gladiolus carneus","Painted Lady","Gladiolus","Iridaceae",-34.14364761,18.42644769,151,8
"Gladiolus carneus","Painted Lady","Gladiolus","Iridaceae",-33.95364676,18.42740133,557,9
"Gladiolus carneus","Painted Lady","Gladiolus","Iridaceae",-33.97482745,18.42119295,944,10
"Gladiolus carneus","Painted Lady","Gladiolus","Iridaceae",-33.95068811,18.43241626,557,11
"Gladiolus carneus","Painted Lady","Gladiolus","Iridaceae",-33.95715387,18.42640258,557,12
"Gladiolus carneus","Painted Lady","Gladiolus","Iridaceae",-33.95766375,18.42706685,557,13
"Gladiolus carneus","Painted Lady","Gladiolus","Iridaceae",-33.95054589,18.43221433,557,14
"Gladiolus carneus","Painted Lady","Gladiolus","Iridaceae",-33.95138842,18.43708748,780,15
"Gladiolus carneus","Painted Lady","Gladiolus","Iridaceae",-34.04591116,18.36757,222,16
"Gladiolus carneus","Painted Lady","Gladiolus","Iridaceae",-34.07615833,18.38724,512,17
"Gladiolus carneus","Painted Lady","Gladiolus","Iridaceae",-33.9773326,18.4192488,648,18
"Gladiolus carneus","Painted Lady","Gladiolus","Iridaceae",-33.97214572,18.41447338,875,19
"Gladiolus carneus","Painted Lady","Gladiolus","Iridaceae",-33.97871728,18.41737164,648,20
"Gladiolus tristis","Marsh Afrikaner","Gladiolus","Iridaceae",-33.952184,18.459373,100,1
"Gladiolus tristis","Marsh Afrikaner","Gladiolus","Iridaceae",-33.952478,18.459014,100,2
"Gladiolus tristis","Marsh Afrikaner","Gladiolus","Iridaceae",-33.952478,18.459014,100,3
"Gladiolus tristis","Marsh Afrikaner","Gladiolus","Iridaceae",-33.95370333,18.44907167,547,4
"Gladiolus tristis","Marsh Afrikaner","Gladiolus","Iridaceae",-33.96361387,18.4473321,290,5
"Hermas villosa","Hairy Tinderleaf","Hermas","Apiaceae",-34.11199239,18.46045492,138,1
"Hermas villosa","Hairy Tinderleaf","Hermas","Apiaceae",-34.07926563,18.39153774,512,2
"Hermas villosa","Hairy Tinderleaf","Hermas","Apiaceae",-33.9771375,18.41978455,648,3
"Hermas villosa","Hairy Tinderleaf","Hermas","Apiaceae",-34.09111111,18.42638889,247,4
"Hermas villosa","Hairy Tinderleaf","Hermas","Apiaceae",-34.07535773,18.40057243,457,5
"Hermas villosa","Hairy Tinderleaf","Hermas","Apiaceae",-33.98609772,18.415889,718,6
"Hermas villosa","Hairy Tinderleaf","Hermas","Apiaceae",-33.97737778,18.41954236,648,7
"Indigofera complanata","Clay Indigo","Indigofera","Fabaceae",-34.05509708,18.4006663,227,1
"Indigofera complanata","Clay Indigo","Indigofera","Fabaceae",-34.06627,18.37549,497,2
"Indigofera complanata","Clay Indigo","Indigofera","Fabaceae",-34.00767778,18.35431333,391,3
"Indigofera complanata","Clay Indigo","Indigofera","Fabaceae",-33.933524,18.381249,89,4
"Indigofera complanata","Clay Indigo","Indigofera","Fabaceae",-33.94958891,18.45334132,210,5
"Leucadendron laureolum","Golden Conebush","Leucadendron","Proteaceae",-34.11213493,18.46038904,138,1
"Leucadendron laureolum","Golden Conebush","Leucadendron","Proteaceae",-34.09090971,18.42353147,302,2
"Leucadendron laureolum","Golden Conebush","Leucadendron","Proteaceae",-34.08899895,18.4121439,360,3
"Leucadendron laureolum","Golden Conebush","Leucadendron","Proteaceae",-34.11311392,18.43470424,440,4
"Leucadendron laureolum","Golden Conebush","Leucadendron","Proteaceae",-34.05141296,18.43259496,40,5
"Leucadendron laureolum","Golden Conebush","Leucadendron","Proteaceae",-34.09097218,18.42673872,247,6
"Leucadendron argenteum","Silvertree","Leucadendron","Proteaceae",-33.9515644,18.4552714,263,1
"Leucadendron argenteum","Silvertree","Leucadendron","Proteaceae",-33.9515362,18.4562099,263,2
"Leucadendron argenteum","Silvertree","Leucadendron","Proteaceae",-33.951404,18.45643978,263,3
"Leucadendron argenteum","Silvertree","Leucadendron","Proteaceae",-33.95204564,18.45659956,263,4
"Leucadendron argenteum","Silvertree","Leucadendron","Proteaceae",-33.9476927,18.454138,210,5
"Leucadendron argenteum","Silvertree","Leucadendron","Proteaceae",-33.94770679,18.45400332,210,6
"Leucadendron argenteum","Silvertree","Leucadendron","Proteaceae",-33.9482922,18.4577151,210,7
"Leucadendron argenteum","Silvertree","Leucadendron","Proteaceae",-33.9484118,18.4577908,210,8
"Leucadendron argenteum","Silvertree","Leucadendron","Proteaceae",-33.94914204,18.4553998,210,9
"Leucadendron argenteum","Silvertree","Leucadendron","Proteaceae",-33.94928815,18.45528786,210,10
"Leucadendron argenteum","Silvertree","Leucadendron","Proteaceae",-33.95033337,18.45441846,263,11
"Leucadendron argenteum","Silvertree","Leucadendron","Proteaceae",-33.962766,18.44557997,290,12
"Leucadendron argenteum","Silvertree","Leucadendron","Proteaceae",-33.94914204,18.4553998,210,13
"Leucadendron argenteum","Silvertree","Leucadendron","Proteaceae",-33.962766,18.44557997,290,14
"Leucadendron argenteum","Silvertree","Leucadendron","Proteaceae",-34.00211239,18.41972113,203,15
"Leucadendron argenteum","Silvertree","Leucadendron","Proteaceae",-33.987909,18.423132,459,16
"Leucadendron argenteum","Silvertree","Leucadendron","Proteaceae",-34.00224964,18.42010504,203,17
"Leucadendron argenteum","Silvertree","Leucadendron","Proteaceae",-33.99624418,18.4229872,332,18
"Leucadendron argenteum","Silvertree","Leucadendron","Proteaceae",-34.00211239,18.41972113,203,19
"Leucadendron argenteum","Silvertree","Leucadendron","Proteaceae",-34.00523975,18.41805977,203,20
"Leucadendron argenteum","Silvertree","Leucadendron","Proteaceae",-34.00533574,18.41680092,203,21
"Leucadendron argenteum","Silvertree","Leucadendron","Proteaceae",-34.00544858,18.4165062,375,22
"Leucadendron argenteum","Silvertree","Leucadendron","Proteaceae",-34.00224964,18.42010504,203,23
"Leucadendron argenteum","Silvertree","Leucadendron","Proteaceae",-33.99624418,18.4229872,332,24
"Leucadendron argenteum","Silvertree","Leucadendron","Proteaceae",-33.99624418,18.4229872,332,25
"Leucadendron argenteum","Silvertree","Leucadendron","Proteaceae",-33.93645217,18.39570497,263,26
"Leucadendron argenteum","Silvertree","Leucadendron","Proteaceae",-33.93645217,18.39570497,263,27
"Leucadendron macowanii","Wattleleaf Conebush","Leucadendron","Proteaceae",-34.25991,18.46095,143,1
"Leucadendron macowanii","Wattleleaf Conebush","Leucadendron","Proteaceae",-34.30326498,18.4588562,43,2
"Leucadendron macowanii","Wattleleaf Conebush","Leucadendron","Proteaceae",-34.25983,18.46097697,143,3
"Leucadendron macowanii","Wattleleaf Conebush","Leucadendron","Proteaceae",-34.26003397,18.46128797,143,4
"Leucadendron macowanii","Wattleleaf Conebush","Leucadendron","Proteaceae",-34.2640457,18.4658106,143,5
"Leucadendron salignum","Common Sunshine Conebush","Leucadendron","Proteaceae",-34.18714675,18.37684527,258,1
"Leucadendron salignum","Common Sunshine Conebush","Leucadendron","Proteaceae",-33.96708491,18.3950687,766,2
"Leucadendron salignum","Common Sunshine Conebush","Leucadendron","Proteaceae",-34.0712738,18.39879799,492,3
"Leucadendron salignum","Common Sunshine Conebush","Leucadendron","Proteaceae",-34.07325982,18.39675297,492,4
"Leucadendron salignum","Common Sunshine Conebush","Leucadendron","Proteaceae",-34.09298069,18.40971975,301,5
"Leucadendron strobilinum","Peninsula Conebush","Leucadendron","Proteaceae",-33.96603394,18.41928101,907,1
"Leucadendron strobilinum","Peninsula Conebush","Leucadendron","Proteaceae",-33.95901541,18.40544812,863,2
"Leucadendron strobilinum","Peninsula Conebush","Leucadendron","Proteaceae",-33.96229833,18.40714333,863,3
"Leucadendron strobilinum","Peninsula Conebush","Leucadendron","Proteaceae",-33.96388889,18.40694444,863,4
"Leucadendron strobilinum","Peninsula Conebush","Leucadendron","Proteaceae",-33.96038135,18.40421118,863,5
"Leucadendron strobilinum","Peninsula Conebush","Leucadendron","Proteaceae",-33.95864833,18.40538667,863,6
"Leucadendron xanthoconus","Sickleleaf Conebush","Leucadendron","Proteaceae",-34.07934461,18.41395395,334,1
"Leucadendron xanthoconus","Sickleleaf Conebush","Leucadendron","Proteaceae",-34.00177333,18.40588333,420,2
"Leucadendron xanthoconus","Sickleleaf Conebush","Leucadendron","Proteaceae",-34.09219622,18.40202918,329,3
"Leucadendron xanthoconus","Sickleleaf Conebush","Leucadendron","Proteaceae",-33.99112255,18.37911543,666,4
"Leucadendron xanthoconus","Sickleleaf Conebush","Leucadendron","Proteaceae",-34.086751,18.420491,302,5
"Leucadendron xanthoconus","Sickleleaf Conebush","Leucadendron","Proteaceae",-34.25242293,18.4340355,150,6
"Leucadendron xanthoconus","Sickleleaf Conebush","Leucadendron","Proteaceae",-34.26931111,18.46417958,153,7
"Leucadendron xanthoconus","Sickleleaf Conebush","Leucadendron","Proteaceae",-34.33783,18.46873,27,8
"Leucadendron xanthoconus","Sickleleaf Conebush","Leucadendron","Proteaceae",-34.05528333,18.36641333,38,9
"Leucospermum conocarpodendron viridum","Green Tree Pincushion","Leucospermum","Proteaceae",-34.05375,18.4333,40,1
"Leucospermum conocarpodendron viridum","Green Tree Pincushion","Leucospermum","Proteaceae",-34.05546729,18.36595414,38,2
"Leucospermum conocarpodendron viridum","Green Tree Pincushion","Leucospermum","Proteaceae",-34.05546729,18.36595414,38,3
"Leucospermum conocarpodendron viridum","Green Tree Pincushion","Leucospermum","Proteaceae",-34.0522574,18.4231522,57,4
"Leucospermum conocarpodendron viridum","Green Tree Pincushion","Leucospermum","Proteaceae",-34.14423108,18.42237577,184,5
"Leucospermum conocarpodendron viridum","Green Tree Pincushion","Leucospermum","Proteaceae",-34.05383617,18.36611667,38,6
"Leucospermum conocarpodendron viridum","Green Tree Pincushion","Leucospermum","Proteaceae",-34.26158572,18.42868399,83,7
"Leucospermum conocarpodendron viridum","Green Tree Pincushion","Leucospermum","Proteaceae",-34.19047893,18.36781578,197,8
"Leucospermum conocarpodendron viridum","Green Tree Pincushion","Leucospermum","Proteaceae",-34.0742332,18.36569319,NA,9
"Leucospermum conocarpodendron viridum","Green Tree Pincushion","Leucospermum","Proteaceae",-34.09396333,18.41502246,301,10
"Leucospermum conocarpodendron viridum","Green Tree Pincushion","Leucospermum","Proteaceae",-34.09418278,18.45761951,315,11
"Leucospermum conocarpodendron viridum","Green Tree Pincushion","Leucospermum","Proteaceae",-34.05648333,18.36873,293,12
"Leucospermum conocarpodendron viridum","Green Tree Pincushion","Leucospermum","Proteaceae",-34.08619549,18.41414416,360,13
"Leucospermum conocarpodendron viridum","Green Tree Pincushion","Leucospermum","Proteaceae",-34.24547553,18.3832354,NA,14
"Leucospermum conocarpodendron viridum","Green Tree Pincushion","Leucospermum","Proteaceae",-34.12484595,18.43610543,257,15
"Leucospermum conocarpodendron viridum","Green Tree Pincushion","Leucospermum","Proteaceae",-34.109966,18.3915,55,16
"Leucospermum conocarpodendron viridum","Green Tree Pincushion","Leucospermum","Proteaceae",-34.26185966,18.45795476,201,17
"Leucospermum conocarpodendron viridum","Green Tree Pincushion","Leucospermum","Proteaceae",-34.09800331,18.42654996,357,18
"Liparia splendens splendens","Orange Mountain Dahlia","Liparia","Fabaceae",-34.08922054,18.41277148,360,1
"Liparia splendens splendens","Orange Mountain Dahlia","Liparia","Fabaceae",-34.07968369,18.39688831,511,2
"Liparia splendens splendens","Orange Mountain Dahlia","Liparia","Fabaceae",-33.990295,18.42948,183,3
"Liparia splendens splendens","Orange Mountain Dahlia","Liparia","Fabaceae",-34.05354323,18.42801698,40,4
"Liparia splendens splendens","Orange Mountain Dahlia","Liparia","Fabaceae",-34.10629167,18.435935,347,5
"Liparia splendens splendens","Orange Mountain Dahlia","Liparia","Fabaceae",-34.07015913,18.39612244,492,6
"Liparia splendens splendens","Orange Mountain Dahlia","Liparia","Fabaceae",-33.993843,18.412234,616,7
"Liparia splendens splendens","Orange Mountain Dahlia","Liparia","Fabaceae",-34.07154967,18.39854929,492,8
"Liparia splendens splendens","Orange Mountain Dahlia","Liparia","Fabaceae",-34.10638889,18.43666667,347,9
"Liparia splendens splendens","Orange Mountain Dahlia","Liparia","Fabaceae",-34.03492241,18.38900856,524,10
"Liparia splendens splendens","Orange Mountain Dahlia","Liparia","Fabaceae",-34.00064753,18.41049937,375,11
"Mimetes fimbriifolius","Tree Pagoda","Mimetes","Proteaceae",-34.172733,18.394867,229,1
"Mimetes fimbriifolius","Tree Pagoda","Mimetes","Proteaceae",-34.04122542,18.31805992,466,2
"Mimetes fimbriifolius","Tree Pagoda","Mimetes","Proteaceae",-34.11103333,18.45887833,138,3
"Mimetes fimbriifolius","Tree Pagoda","Mimetes","Proteaceae",-33.99801333,18.40902167,616,4
"Mimetes fimbriifolius","Tree Pagoda","Mimetes","Proteaceae",-34.262157,18.392455,66,5
"Mimetes fimbriifolius","Tree Pagoda","Mimetes","Proteaceae",-34.26563,18.3885857,49,6
"Mimetes fimbriifolius","Tree Pagoda","Mimetes","Proteaceae",-34.08614333,18.40941333,360,7
"Mimetes fimbriifolius","Tree Pagoda","Mimetes","Proteaceae",-34.27749576,18.40731276,63,8
"Mimetes fimbriifolius","Tree Pagoda","Mimetes","Proteaceae",-34.09918535,18.45622895,315,9
"Mimetes fimbriifolius","Tree Pagoda","Mimetes","Proteaceae",-34.10244964,18.43643107,347,10
"Mimetes fimbriifolius","Tree Pagoda","Mimetes","Proteaceae",-34.2123094,18.37938247,77,11
"Mimetes fimbriifolius","Tree Pagoda","Mimetes","Proteaceae",-33.9808095,18.38497075,657,12
"Mimetes fimbriifolius","Tree Pagoda","Mimetes","Proteaceae",-34.27099097,18.39498224,69,13
"Mimetes hirtus","Marsh Pagoda","Mimetes","Proteaceae",-34.2543,18.3849,40,1
"Mimetes hirtus","Marsh Pagoda","Mimetes","Proteaceae",-34.30142443,18.44209817,131,2
"Mimetes hirtus","Marsh Pagoda","Mimetes","Proteaceae",-34.27244186,18.45178604,161,3
"Mimetes hirtus","Marsh Pagoda","Mimetes","Proteaceae",-34.26507718,18.39813329,66,4
"Mimetes hirtus","Marsh Pagoda","Mimetes","Proteaceae",-34.09471418,18.40504217,329,5
"Mimetes hirtus","Marsh Pagoda","Mimetes","Proteaceae",-34.09440316,18.40447559,329,6
"Mimetes hirtus","Marsh Pagoda","Mimetes","Proteaceae",-34.33735941,18.46090317,47,7
"Mimetes hirtus","Marsh Pagoda","Mimetes","Proteaceae",-34.31999024,18.45288151,74,8
"Mimetes hirtus","Marsh Pagoda","Mimetes","Proteaceae",-34.2723531,18.451631,161,9
"Mimetes hirtus","Marsh Pagoda","Mimetes","Proteaceae",-34.29340406,18.44696919,149,10
"Mimetes hirtus","Marsh Pagoda","Mimetes","Proteaceae",-34.29209098,18.44544796,149,11
"Mimetes hirtus","Marsh Pagoda","Mimetes","Proteaceae",-34.28612445,18.40054105,38,12
"Mimetes hirtus","Marsh Pagoda","Mimetes","Proteaceae",-34.09486389,18.404747,329,13
"Mimetes hirtus","Marsh Pagoda","Mimetes","Proteaceae",-34.27258007,18.45197204,161,14
"Pelargonium cucullatum tabulare","Peninsula Hooded Storksbill","Pelargonium","Geraniaceae",-34.05959289,18.41095174,130,1
"Pelargonium cucullatum tabulare","Peninsula Hooded Storksbill","Pelargonium","Geraniaceae",-34.05494,18.411,133,2
"Pelargonium cucullatum tabulare","Peninsula Hooded Storksbill","Pelargonium","Geraniaceae",-34.0571,18.4277,40,3
"Pelargonium cucullatum tabulare","Peninsula Hooded Storksbill","Pelargonium","Geraniaceae",-33.94967139,18.44607806,315,4
"Pelargonium cucullatum tabulare","Peninsula Hooded Storksbill","Pelargonium","Geraniaceae",-33.99584024,18.4016334,504,5
"Pelargonium cucullatum tabulare","Peninsula Hooded Storksbill","Pelargonium","Geraniaceae",-33.98560333,18.421075,459,6
"Pelargonium cucullatum tabulare","Peninsula Hooded Storksbill","Pelargonium","Geraniaceae",-34.26158572,18.42868399,83,7
"Pelargonium cucullatum tabulare","Peninsula Hooded Storksbill","Pelargonium","Geraniaceae",-34.06758185,18.4057083,393,8
"Pelargonium cucullatum tabulare","Peninsula Hooded Storksbill","Pelargonium","Geraniaceae",-34.11437667,18.43235333,398,9
"Pelargonium psammophilum","Sand Storksbill","Pelargonium","Geraniaceae",-34.08029515,18.36619574,261,1
"Pelargonium psammophilum","Sand Storksbill","Pelargonium","Geraniaceae",-34.27312507,18.46524782,153,2
"Pelargonium psammophilum","Sand Storksbill","Pelargonium","Geraniaceae",-34.15952094,18.39315472,201,3
"Pelargonium psammophilum","Sand Storksbill","Pelargonium","Geraniaceae",-34.29931838,18.42147302,96,4
"Pelargonium psammophilum","Sand Storksbill","Pelargonium","Geraniaceae",-34.00882974,18.35449408,151,5
"Pelargonium psammophilum","Sand Storksbill","Pelargonium","Geraniaceae",-34.26253116,18.39295598,66,6
"Pelargonium psammophilum","Sand Storksbill","Pelargonium","Geraniaceae",-34.07056585,18.38721135,618,7
"Pelargonium psammophilum","Sand Storksbill","Pelargonium","Geraniaceae",-34.09103438,18.41832194,302,8
"Pelargonium psammophilum","Sand Storksbill","Pelargonium","Geraniaceae",-34.1492688,18.43338088,53,9
"Protea cynaroides","Giant Protea","Protea","Proteaceae",-33.9767,18.4199,648,1
"Protea cynaroides","Giant Protea","Protea","Proteaceae",-33.98518875,18.41968236,459,2
"Protea cynaroides","Giant Protea","Protea","Proteaceae",-33.96044726,18.40072632,863,3
"Protea cynaroides","Giant Protea","Protea","Proteaceae",-34.110854,18.437045,440,4
"Protea cynaroides","Giant Protea","Protea","Proteaceae",-34.2744149,18.42242076,92,5
"Protea cynaroides","Giant Protea","Protea","Proteaceae",-34.27218955,18.42023044,92,6
"Protea cynaroides","Giant Protea","Protea","Proteaceae",-33.98867693,18.41402516,718,7
"Protea cynaroides","Giant Protea","Protea","Proteaceae",-33.95891561,18.40307728,863,8
"Protea cynaroides","Giant Protea","Protea","Proteaceae",-34.07536162,18.40057243,457,9
"Protea cynaroides","Giant Protea","Protea","Proteaceae",-34.07536162,18.40057243,457,10
"Protea cynaroides","Giant Protea","Protea","Proteaceae",-34.07536162,18.40057243,457,11
"Protea cynaroides","Giant Protea","Protea","Proteaceae",-34.08749771,18.42778969,247,12
"Protea cynaroides","Giant Protea","Protea","Proteaceae",-34.07163707,18.38281977,575,13
"Protea cynaroides","Giant Protea","Protea","Proteaceae",-33.966564,18.413378,947,14
"Protea cynaroides","Giant Protea","Protea","Proteaceae",-34.0697325,18.39593194,492,15
"Protea cynaroides","Giant Protea","Protea","Proteaceae",-34.05383512,18.38550279,831,16
"Protea cynaroides","Giant Protea","Protea","Proteaceae",-34.08678603,18.4208955,302,17
"Protea cynaroides","Giant Protea","Protea","Proteaceae",-33.97988837,18.41187361,780,18
"Protea cynaroides","Giant Protea","Protea","Proteaceae",-33.98104,18.41481101,780,19
"Protea cynaroides","Giant Protea","Protea","Proteaceae",-33.97182017,18.39349224,766,20
"Protea cynaroides","Giant Protea","Protea","Proteaceae",-33.9787353,18.4175602,648,21
"Protea cynaroides","Giant Protea","Protea","Proteaceae",-33.95449167,18.43940833,780,22
"Protea cynaroides","Giant Protea","Protea","Proteaceae",-34.06960783,18.38585816,618,23
"Protea cynaroides","Giant Protea","Protea","Proteaceae",-34.23128501,18.45779099,534,24
"Protea cynaroides","Giant Protea","Protea","Proteaceae",-34.090055,18.425094,247,25
"Protea lepidocarpodendron","Blackbeard Sugarbush","Protea","Proteaceae",-34.08160327,18.36442099,261,1
"Protea lepidocarpodendron","Blackbeard Sugarbush","Protea","Proteaceae",-34.05546729,18.36595414,38,2
"Protea lepidocarpodendron","Blackbeard Sugarbush","Protea","Proteaceae",-34.01978392,18.39840168,446,3
"Protea lepidocarpodendron","Blackbeard Sugarbush","Protea","Proteaceae",-33.96753424,18.38718948,444,4
"Protea lepidocarpodendron","Blackbeard Sugarbush","Protea","Proteaceae",-34.09132819,18.42881314,247,5
"Protea lepidocarpodendron","Blackbeard Sugarbush","Protea","Proteaceae",-34.22119722,18.41138889,137,6
"Protea lepidocarpodendron","Blackbeard Sugarbush","Protea","Proteaceae",-34.21203625,18.4503048,289,7
"Protea lepidocarpodendron","Blackbeard Sugarbush","Protea","Proteaceae",-34.15001383,18.42971167,62,8
"Protea lepidocarpodendron","Blackbeard Sugarbush","Protea","Proteaceae",-34.104792,18.404547,172,9
"Protea lepidocarpodendron","Blackbeard Sugarbush","Protea","Proteaceae",-33.94760622,18.39450139,287,10
"Protea lepidocarpodendron","Blackbeard Sugarbush","Protea","Proteaceae",-34.09349667,18.40268,329,11
"Protea lepidocarpodendron","Blackbeard Sugarbush","Protea","Proteaceae",-34.09338076,18.4111249,301,12
"Protea lepidocarpodendron","Blackbeard Sugarbush","Protea","Proteaceae",-34.205186,18.445253,253,13
"Protea lepidocarpodendron","Blackbeard Sugarbush","Protea","Proteaceae",-34.09439811,18.4571514,315,14
"Protea lepidocarpodendron","Blackbeard Sugarbush","Protea","Proteaceae",-34.09796148,18.45329024,315,15
"Protea lepidocarpodendron","Blackbeard Sugarbush","Protea","Proteaceae",-34.21219937,18.44489148,443,16
"Protea lepidocarpodendron","Blackbeard Sugarbush","Protea","Proteaceae",-34.09073883,18.42618,247,17
"Protea lepidocarpodendron","Blackbeard Sugarbush","Protea","Proteaceae",-34.094795,18.4231855,265,18
"Protea speciosa","Brownbeard Sugarbush","Protea","Proteaceae",-34.05442805,18.38395882,831,1
"Protea speciosa","Brownbeard Sugarbush","Protea","Proteaceae",-34.11552115,18.45251854,314,2
"Protea speciosa","Brownbeard Sugarbush","Protea","Proteaceae",-34.0018261,18.40490352,420,3
"Protea speciosa","Brownbeard Sugarbush","Protea","Proteaceae",-34.05465,18.38507,831,4
"Protea speciosa","Brownbeard Sugarbush","Protea","Proteaceae",-34.10666667,18.45277778,408,5
"Protea speciosa","Brownbeard Sugarbush","Protea","Proteaceae",-34.162207,18.384645,268,6
"Protea speciosa","Brownbeard Sugarbush","Protea","Proteaceae",-34.076287,18.398657,511,7
"Protea speciosa","Brownbeard Sugarbush","Protea","Proteaceae",-34.11338222,18.4349475,440,8
"Protea speciosa","Brownbeard Sugarbush","Protea","Proteaceae",-34.26814156,18.45555104,161,9
"Protea speciosa","Brownbeard Sugarbush","Protea","Proteaceae",-33.97853269,18.41762831,648,10
"Protea speciosa","Brownbeard Sugarbush","Protea","Proteaceae",-34.076131,18.400319,457,11
"Protea speciosa","Brownbeard Sugarbush","Protea","Proteaceae",-34.14600646,18.33681665,76,12
"Protea speciosa","Brownbeard Sugarbush","Protea","Proteaceae",-34.05484407,18.38563986,831,13
"Protea speciosa","Brownbeard Sugarbush","Protea","Proteaceae",-33.99951803,18.36230225,502,14
"Protea speciosa","Brownbeard Sugarbush","Protea","Proteaceae",-33.9560224,18.4337104,780,15
"Protea speciosa","Brownbeard Sugarbush","Protea","Proteaceae",-33.99843142,18.35622109,354,16
"Psoralea fruticans","Peninsula Dottypea","Psoralea","Fabaceae",-33.9888,18.42258,459,1
"Psoralea fruticans","Peninsula Dottypea","Psoralea","Fabaceae",-34.01330948,18.34648895,174,2
"Psoralea fruticans","Peninsula Dottypea","Psoralea","Fabaceae",-34.0594444,18.3755556,497,3
"Psoralea fruticans","Peninsula Dottypea","Psoralea","Fabaceae",-34.08484954,18.3573543,142,4
"Psoralea fruticans","Peninsula Dottypea","Psoralea","Fabaceae",-34.02179193,18.39746223,446,5
"Psoralea fruticans","Peninsula Dottypea","Psoralea","Fabaceae",-34.14568094,18.42507058,151,6
"Psoralea fruticans","Peninsula Dottypea","Psoralea","Fabaceae",-34.096355,18.45218723,315,7
"Psoralea fruticans","Peninsula Dottypea","Psoralea","Fabaceae",-34.1458716,18.40320267,152,8
"Psoralea fruticans","Peninsula Dottypea","Psoralea","Fabaceae",-34.14973852,18.39167683,168,9
"Psoralea fruticans","Peninsula Dottypea","Psoralea","Fabaceae",-34.3492435,18.48243287,81,10
"Pteridium aquilinum capense","Southern Bracken","Pteridium","Dennstaedtiaceae",-33.98455833,18.42713333,183,1
"Pteridium aquilinum capense","Southern Bracken","Pteridium","Dennstaedtiaceae",-33.98455833,18.42713333,183,2
"Pteridium aquilinum capense","Southern Bracken","Pteridium","Dennstaedtiaceae",-34.22143151,18.40618595,79,3
"Pteridium aquilinum capense","Southern Bracken","Pteridium","Dennstaedtiaceae",-33.99729667,18.41491333,616,4
"Pteridium aquilinum capense","Southern Bracken","Pteridium","Dennstaedtiaceae",-34.310548,18.444344,104,5
"Pteridium aquilinum capense","Southern Bracken","Pteridium","Dennstaedtiaceae",-34.3085286,18.4449185,104,6
"Pteridium aquilinum capense","Southern Bracken","Pteridium","Dennstaedtiaceae",-34.3068118,18.4448543,131,7
"Pteridium aquilinum capense","Southern Bracken","Pteridium","Dennstaedtiaceae",-34.3056601,18.4432688,131,8
"Pteridium aquilinum capense","Southern Bracken","Pteridium","Dennstaedtiaceae",-34.3068118,18.4483735,131,9
"Pteridium aquilinum capense","Southern Bracken","Pteridium","Dennstaedtiaceae",-34.3056693,18.4479764,131,10
"Pteridium aquilinum capense","Southern Bracken","Pteridium","Dennstaedtiaceae",-34.305211,18.4474174,131,11
"Pteridium aquilinum capense","Southern Bracken","Pteridium","Dennstaedtiaceae",-34.3068698,18.4504386,145,12
"Pteridium aquilinum capense","Southern Bracken","Pteridium","Dennstaedtiaceae",-34.3103127,18.4533041,69,13
"Pteridium aquilinum capense","Southern Bracken","Pteridium","Dennstaedtiaceae",-34.3071875,18.4545413,145,14
"Roella ciliata","Giant Bell","Roella","Campanulaceae",-34.095,18.425,357,1
"Roella ciliata","Giant Bell","Roella","Campanulaceae",-34.17458389,18.39111417,266,2
"Roella ciliata","Giant Bell","Roella","Campanulaceae",-34.1064665,18.43125058,265,3
"Roella ciliata","Giant Bell","Roella","Campanulaceae",-34.14658331,18.37306111,241,4
"Roella ciliata","Giant Bell","Roella","Campanulaceae",-33.9561,18.42534833,557,5
"Roella ciliata","Giant Bell","Roella","Campanulaceae",-34.12051117,18.44686333,224,6
"Roella ciliata","Giant Bell","Roella","Campanulaceae",-34.2182,18.40737778,79,7
"Roella ciliata","Giant Bell","Roella","Campanulaceae",-34.11452208,18.43291074,398,8
"Roella ciliata","Giant Bell","Roella","Campanulaceae",-34.0242196,18.38382123,266,9
"Roella ciliata","Giant Bell","Roella","Campanulaceae",-34.14600949,18.33094429,104,10
"Serruria glomerata","Cluster Spiderhead","Serruria","Proteaceae",-34.0535,18.435,23,1
"Serruria glomerata","Cluster Spiderhead","Serruria","Proteaceae",-34.164891,18.342529,93,2
"Serruria glomerata","Cluster Spiderhead","Serruria","Proteaceae",-34.26664024,18.42712662,83,3
"Serruria glomerata","Cluster Spiderhead","Serruria","Proteaceae",-34.27268525,18.40915468,93,4
"Serruria glomerata","Cluster Spiderhead","Serruria","Proteaceae",-34.27375547,18.40746427,78,5
"Serruria glomerata","Cluster Spiderhead","Serruria","Proteaceae",-34.23998197,18.386994,18,6
"Serruria glomerata","Cluster Spiderhead","Serruria","Proteaceae",-34.05298,18.43453333,23,7
"Serruria villosa","Golden Spiderhead","Serruria","Proteaceae",-34.271859,18.410746,93,1
"Serruria villosa","Golden Spiderhead","Serruria","Proteaceae",-34.318205,18.41936333,33,2
"Serruria villosa","Golden Spiderhead","Serruria","Proteaceae",-34.31702524,18.42001999,33,3
"Serruria villosa","Golden Spiderhead","Serruria","Proteaceae",-34.095597,18.429792,357,4
"Serruria villosa","Golden Spiderhead","Serruria","Proteaceae",-34.22344474,18.41159504,137,5
"Serruria villosa","Golden Spiderhead","Serruria","Proteaceae",-34.26055556,18.38444444,49,6
"Serruria villosa","Golden Spiderhead","Serruria","Proteaceae",-34.31008833,18.45172972,69,7
"Serruria villosa","Golden Spiderhead","Serruria","Proteaceae",-34.27056093,18.41396953,93,8
"Serruria villosa","Golden Spiderhead","Serruria","Proteaceae",-34.27294753,18.39743974,69,9
"Serruria villosa","Golden Spiderhead","Serruria","Proteaceae",-34.27229593,18.40977495,93,10
"Serruria villosa","Golden Spiderhead","Serruria","Proteaceae",-34.31748,18.41987,33,11
"Serruria villosa","Golden Spiderhead","Serruria","Proteaceae",-34.09371877,18.43327808,357,12
"Syncarpha vestita","Cape Snow","Syncarpha","Asteraceae",-34.11234717,18.46081667,138,1
"Syncarpha vestita","Cape Snow","Syncarpha","Asteraceae",-34.09436569,18.43130808,357,2
"Syncarpha vestita","Cape Snow","Syncarpha","Asteraceae",-34.07326667,18.39902583,492,3
"Syncarpha vestita","Cape Snow","Syncarpha","Asteraceae",-34.26158572,18.42868399,83,4
"Syncarpha vestita","Cape Snow","Syncarpha","Asteraceae",-34.05223131,18.42497349,57,5
"Syncarpha vestita","Cape Snow","Syncarpha","Asteraceae",-34.30087167,18.44246,131,6
"Syncarpha vestita","Cape Snow","Syncarpha","Asteraceae",-34.1934673,18.384323,191,7
"Syncarpha vestita","Cape Snow","Syncarpha","Asteraceae",-34.308845,18.409515,43,8
"Syncarpha vestita","Cape Snow","Syncarpha","Asteraceae",-34.21822778,18.40756111,79,9
"Syncarpha vestita","Cape Snow","Syncarpha","Asteraceae",-34.30205833,18.44207333,131,10
"Syncarpha vestita","Cape Snow","Syncarpha","Asteraceae",-34.24487217,18.40950817,57,11
"Syncarpha vestita","Cape Snow","Syncarpha","Asteraceae",-34.09747589,18.42621746,357,12
"Syncarpha vestita","Cape Snow","Syncarpha","Asteraceae",-34.23191417,18.39133198,45,13
"Syncarpha vestita","Cape Snow","Syncarpha","Asteraceae",-34.27078365,18.39442975,69,14
"Syncarpha vestita","Cape Snow","Syncarpha","Asteraceae",-34.27255556,18.451775,161,15
"Syncarpha vestita","Cape Snow","Syncarpha","Asteraceae",-34.25887919,18.42616819,83,16
"Watsonia tabularis","Table Mountain Watsonia","Watsonia","Iridaceae",-34.1149024,18.43513638,440,1
"Watsonia tabularis","Table Mountain Watsonia","Watsonia","Iridaceae",-34.10949497,18.45391989,314,2
"Watsonia tabularis","Table Mountain Watsonia","Watsonia","Iridaceae",-34.066366,18.38837,635,3
"Watsonia tabularis","Table Mountain Watsonia","Watsonia","Iridaceae",-33.957828,18.404337,661,4
"Watsonia tabularis","Table Mountain Watsonia","Watsonia","Iridaceae",-33.96055603,18.40916634,947,5
"Watsonia tabularis","Table Mountain Watsonia","Watsonia","Iridaceae",-34.09991074,18.45749474,315,6
"Watsonia tabularis","Table Mountain Watsonia","Watsonia","Iridaceae",-34.10687506,18.4532605,408,7
"Watsonia tabularis","Table Mountain Watsonia","Watsonia","Iridaceae",-34.0737476,18.3820665,575,8
"Watsonia tabularis","Table Mountain Watsonia","Watsonia","Iridaceae",-34.07279346,18.38016434,575,9
"Watsonia tabularis","Table Mountain Watsonia","Watsonia","Iridaceae",-34.07278353,18.38019522,575,10
"Watsonia tabularis","Table Mountain Watsonia","Watsonia","Iridaceae",-33.97577402,18.39115047,657,11
"Watsonia tabularis","Table Mountain Watsonia","Watsonia","Iridaceae",-34.0751675,18.39679944,511,12
"Watsonia tabularis","Table Mountain Watsonia","Watsonia","Iridaceae",-33.98839354,18.37876465,666,13
"Watsonia tabularis","Table Mountain Watsonia","Watsonia","Iridaceae",-34.07679604,18.37847866,397,14
"Watsonia tabularis","Table Mountain Watsonia","Watsonia","Iridaceae",-34.07662795,18.38177289,397,15
"Watsonia tabularis","Table Mountain Watsonia","Watsonia","Iridaceae",-34.06571663,18.38111566,497,16
"Watsonia tabularis","Table Mountain Watsonia","Watsonia","Iridaceae",-33.9967435,18.4124155,616,17
"Watsonia tabularis","Table Mountain Watsonia","Watsonia","Iridaceae",-34.10583611,18.45429167,408,18
"Watsonia tabularis","Table Mountain Watsonia","Watsonia","Iridaceae",-33.97004063,18.41912654,944,19
"Watsonia tabularis","Table Mountain Watsonia","Watsonia","Iridaceae",-33.97005891,18.41914597,944,20
"Witsenia maura","Bokmakierie Tail","Witsenia","Iridaceae",-34.310776,18.431364,106,1
"Witsenia maura","Bokmakierie Tail","Witsenia","Iridaceae",-34.0928,18.4219,265,2
"Witsenia maura","Bokmakierie Tail","Witsenia","Iridaceae",-34.09312944,18.42189933,265,3
"Witsenia maura","Bokmakierie Tail","Witsenia","Iridaceae",-34.31082225,18.43137074,106,4
"Witsenia maura","Bokmakierie Tail","Witsenia","Iridaceae",-34.310795,18.43138667,106,5
"Witsenia maura","Bokmakierie Tail","Witsenia","Iridaceae",-34.30952114,18.43196198,106,6
"Witsenia maura","Bokmakierie Tail","Witsenia","Iridaceae",-34.31147309,18.43133456,106,7
"Witsenia maura","Bokmakierie Tail","Witsenia","Iridaceae",-34.31040278,18.43111389,106,8
"Witsenia maura","Bokmakierie Tail","Witsenia","Iridaceae",-34.09663,18.421707,265,9
"Witsenia maura","Bokmakierie Tail","Witsenia","Iridaceae",-34.101244,18.433497,347,10
"Witsenia maura","Bokmakierie Tail","Witsenia","Iridaceae",-34.09323436,18.4216838,265,11
"Witsenia maura","Bokmakierie Tail","Witsenia","Iridaceae",-34.09101587,18.42023916,302,12
"Witsenia maura","Bokmakierie Tail","Witsenia","Iridaceae",-34.31005731,18.43123373,106,13
"Witsenia maura","Bokmakierie Tail","Witsenia","Iridaceae",-34.09311108,18.42201386,265,14
"Witsenia maura","Bokmakierie Tail","Witsenia","Iridaceae",-34.31074958,18.43139426,106,15
"Witsenia maura","Bokmakierie Tail","Witsenia","Iridaceae",-34.31027778,18.43138889,106,16
"Witsenia maura","Bokmakierie Tail","Witsenia","Iridaceae",-34.09304997,18.42201313,265,17
"Witsenia maura","Bokmakierie Tail","Witsenia","Iridaceae",-34.09302265,18.42202732,265,18
"Witsenia maura","Bokmakierie Tail","Witsenia","Iridaceae",-34.31089306,18.43131639,106,19
"Witsenia maura","Bokmakierie Tail","Witsenia","Iridaceae",-34.31058883,18.43134689,106,20
"Witsenia maura","Bokmakierie Tail","Witsenia","Iridaceae",-34.31043213,18.43119103,106,21
"Witsenia maura","Bokmakierie Tail","Witsenia","Iridaceae",-34.09297211,18.42192067,265,22
"Xiphotheca fruticosa","Tall Silverpea","Xiphotheca","Fabaceae",-33.95387167,18.44627,547,1
"Xiphotheca fruticosa","Tall Silverpea","Xiphotheca","Fabaceae",-34.11168295,18.46139266,138,2
"Xiphotheca fruticosa","Tall Silverpea","Xiphotheca","Fabaceae",-34.11626297,18.455725,314,3
"Xiphotheca fruticosa","Tall Silverpea","Xiphotheca","Fabaceae",-34.06066076,18.38645336,635,4
"Xiphotheca fruticosa","Tall Silverpea","Xiphotheca","Fabaceae",-34.05486,18.37310661,293,5
"Xiphotheca fruticosa","Tall Silverpea","Xiphotheca","Fabaceae",-33.9604,18.44298333,290,6
"Xiphotheca fruticosa","Tall Silverpea","Xiphotheca","Fabaceae",-34.06208395,18.37178314,100,7
